96,76,8,0,96,84,24,1,0,23,130,1,0,150,46,0,0,158,60,0,0,150,44,1,0,101,162,1,0,67,162,1,0,99,162,1,0,65,162,1,0,0,0,0,0,0,0,0,0,0,0,0,0,0,0,0,0,0,0,0,0,0,0,0,0,0,0,0,0,0,0,0,0,0,0,0,0,0,0,0,0,0,0,0,0,0,0,0,0,0,0,0,0,0,0,0,0,0,0,0,0,0,0,0,0,0,0,0,0,0,0,0,0,0,0,0,0,0,0,0,0,0,0,0,0,0,0,0,0,0,0,0,0,0,0,0,0,0,0,0,0,0,0,0,0,0,0,0,0,0,0,0,0,0,0,0,0,0,0,0,0,1,0,5,6,156,96,76,11334,7
96,76,6,0,96,84,22,1,96,147,152,0,96,139,140,1,0,158,60,0,0,150,44,1,0,101,162,1,0,67,162,1,0,99,162,1,0,65,162,1,0,0,0,0,0,0,0,0,0,0,0,0,0,0,0,0,0,0,0,0,0,0,0,0,0,0,0,0,0,0,0,0,0,0,0,0,0,0,0,0,0,0,0,0,0,0,0,0,0,0,0,0,0,0,0,0,0,0,0,0,0,0,0,0,0,0,0,0,0,0,0,0,0,0,0,0,0,0,0,0,0,0,0,0,0,0,0,0,0,0,0,0,0,0,0,0,0,0,0,0,0,0,0,0,0,0,0,0,0,0,0,0,0,0,0,0,0,0,0,0,1,1,0,5,6,156,96,76,25135,7
24,88,50,0,24,72,34,0,24,80,48,0,8,88,28,0,8,80,32,0,8,72,30,1,96,85,152,0,96,77,140,1,96,124,152,0,96,116,140,1,0,0,0,0,0,0,0,0,0,0,0,0,0,0,0,0,0,0,0,0,0,0,0,0,0,0,0,0,0,0,0,0,0,0,0,0,0,0,0,0,0,0,0,0,0,0,0,0,0,0,0,0,0,0,0,0,0,0,0,0,0,0,0,0,0,0,0,0,0,0,0,0,0,0,0,0,0,0,0,0,0,0,0,0,0,0,0,0,0,0,0,0,0,0,0,0,0,0,0,0,0,0,0,0,0,0,0,0,0,0,0,0,0,0,0,0,0,0,0,0,1,1,0,5,6,189,16,76,37055,3
25,72,34,0,25,80,48,0,25,88,50,0,9,72,14,0,9,80,32,0,9,88,12,1,96,48,152,0,96,40,140,1,96,86,154,0,96,78,142,1,80,163,154,0,80,155,142,1,0,0,0,0,0,0,0,0,0,0,0,0,0,0,0,0,0,0,0,0,0,0,0,0,0,0,0,0,0,0,0,0,0,0,0,0,0,0,0,0,0,0,0,0,0,0,0,0,0,0,0,0,0,0,0,0,0,0,0,0,0,0,0,0,0,0,0,0,0,0,0,0,0,0,0,0,0,0,0,0,0,0,0,0,0,0,0,0,0,0,0,0,0,0,0,0,0,0,0,0,0,0,0,0,0,0,0,0,0,0,0,0,1,1,0,5,6,176,16,76,44150,3
25,72,34,0,25,80,48,0,25,88,50,0,9,72,14,0,9,80,32,0,9,88,12,1,96,12,154,0,96,4,142,1,96,50,154,0,96,42,142,1,80,134,152,32,80,142,140,33,44,137,206,0,44,129,200,1,0,0,0,0,0,0,0,0,0,0,0,0,0,0,0,0,0,0,0,0,0,0,0,0,0,0,0,0,0,0,0,0,0,0,0,0,0,0,0,0,0,0,0,0,0,0,0,0,0,0,0,0,0,0,0,0,0,0,0,0,0,0,0,0,0,0,0,0,0,0,0,0,0,0,0,0,0,0,0,0,0,0,0,0,0,0,0,0,0,0,0,0,0,0,0,0,0,0,0,0,0,0,0,0,1,1,0,5,6,240,16,76,51053,3
25,72,34,0,25,80,48,0,25,88,50,0,9,72,14,0,9,80,32,0,9,88,12,1,96,14,154,0,96,6,142,1,80,123,152,0,80,115,140,1,44,87,206,0,44,79,200,1,80,174,202,0,80,166,198,1,0,0,0,0,0,0,0,0,0,0,0,0,0,0,0,0,0,0,0,0,0,0,0,0,0,0,0,0,0,0,0,0,0,0,0,0,0,0,0,0,0,0,0,0,0,0,0,0,0,0,0,0,0,0,0,0,0,0,0,0,0,0,0,0,0,0,0,0,0,0,0,0,0,0,0,0,0,0,0,0,0,0,0,0,0,0,0,0,0,0,0,0,0,0,0,0,0,0,0,0,0,0,0,0,1,1,0,5,6,48,16,76,57956,3
25,72,34,0,25,80,48,0,25,88,50,0,9,72,14,0,9,80,32,0,9,88,12,1,80,70,152,32,80,78,140,33,44,35,206,0,44,27,200,1,76,146,204,0,76,138,198,1,0,163,202,0,0,155,198,1,0,0,0,0,0,0,0,0,0,0,0,0,0,0,0,0,0,0,0,0,0,0,0,0,0,0,0,0,0,0,0,0,0,0,0,0,0,0,0,0,0,0,0,0,0,0,0,0,0,0,0,0,0,0,0,0,0,0,0,0,0,0,0,0,0,0,0,0,0,0,0,0,0,0,0,0,0,0,0,0,0,0,0,0,0,0,0,0,0,0,0,0,0,0,0,0,0,0,0,0,0,0,0,0,1,1,0,5,6,35,16,76,65051,3
25,72,34,0,25,80,48,0,25,88,50,0,9,72,14,0,9,80,32,0,9,88,12,1,80,57,154,32,80,65,142,33,65,119,206,0,65,111,200,1,0,128,206,0,0,120,200,1,0,163,202,0,0,155,198,1,0,0,0,0,0,0,0,0,0,0,0,0,0,0,0,0,0,0,0,0,0,0,0,0,0,0,0,0,0,0,0,0,0,0,0,0,0,0,0,0,0,0,0,0,0,0,0,0,0,0,0,0,0,0,0,0,0,0,0,0,0,0,0,0,0,0,0,0,0,0,0,0,0,0,0,0,0,0,0,0,0,0,0,0,0,0,0,0,0,0,0,0,0,0,0,0,0,0,0,0,0,0,0,0,1,1,0,5,6,22,16,76,6610,3
25,72,34,0,25,80,48,0,25,88,50,0,9,72,14,0,9,80,32,0,9,88,12,1,80,36,154,0,80,28,142,1,80,92,202,0,80,84,198,1,0,128,206,0,0,120,200,1,0,163,202,0,0,155,198,1,0,0,0,0,0,0,0,0,0,0,0,0,0,0,0,0,0,0,0,0,0,0,0,0,0,0,0,0,0,0,0,0,0,0,0,0,0,0,0,0,0,0,0,0,0,0,0,0,0,0,0,0,0,0,0,0,0,0,0,0,0,0,0,0,0,0,0,0,0,0,0,0,0,0,0,0,0,0,0,0,0,0,0,0,0,0,0,0,0,0,0,0,0,0,0,0,0,0,0,0,0,0,0,0,1,1,0,5,6,86,16,76,13513,3
25,72,34,0,25,80,48,0,25,88,50,0,9,72,14,0,9,80,32,0,9,88,12,1,80,65,202,0,80,57,198,1,0,68,202,0,0,60,198,1,0,128,206,0,0,120,200,1,0,163,202,0,0,155,198,1,0,0,0,0,0,0,0,0,0,0,0,0,0,0,0,0,0,0,0,0,0,0,0,0,0,0,0,0,0,0,0,0,0,0,0,0,0,0,0,0,0,0,0,0,0,0,0,0,0,0,0,0,0,0,0,0,0,0,0,0,0,0,0,0,0,0,0,0,0,0,0,0,0,0,0,0,0,0,0,0,0,0,0,0,0,0,0,0,0,0,0,0,0,0,0,0,0,0,0,0,0,0,0,0,1,1,0,5,6,150,16,76,20416,3
25,72,34,0,25,80,48,0,25,88,50,0,9,72,14,0,9,80,32,0,9,88,12,1,56,149,162,0,56,141,160,1,96,165,154,0,96,157,142,1,74,37,204,0,74,29,198,1,0,163,202,0,0,155,198,1,0,0,0,0,0,0,0,0,0,0,0,0,0,0,0,0,0,0,0,0,0,0,0,0,0,0,0,0,0,0,0,0,0,0,0,0,0,0,0,0,0,0,0,0,0,0,0,0,0,0,0,0,0,0,0,0,0,0,0,0,0,0,0,0,0,0,0,0,0,0,0,0,0,0,0,0,0,0,0,0,0,0,0,0,0,0,0,0,0,0,0,0,0,0,0,0,0,0,0,0,0,0,0,0,1,1,0,5,6,137,16,76,27511,3
25,72,34,0,25,80,48,0,25,88,50,0,9,72,14,0,9,80,32,0,9,88,12,1,73,121,162,0,73,113,160,1,96,134,152,32,96,142,140,33,65,9,206,0,65,1,200,1,0,163,202,0,0,155,198,1,0,0,0,0,0,0,0,0,0,0,0,0,0,0,0,0,0,0,0,0,0,0,0,0,0,0,0,0,0,0,0,0,0,0,0,0,0,0,0,0,0,0,0,0,0,0,0,0,0,0,0,0,0,0,0,0,0,0,0,0,0,0,0,0,0,0,0,0,0,0,0,0,0,0,0,0,0,0,0,0,0,0,0,0,0,0,0,0,0,0,0,0,0,0,0,0,0,0,0,0,0,0,0,0,1,1,0,5,6,124,16,76,34606,3
25,72,34,0,25,80,48,0,25,88,50,0,9,72,14,0,9,80,32,0,9,88,12,1,80,94,162,0,80,86,160,1,96,123,152,0,96,115,140,1,0,0,206,0,0,248,200,1,0,163,202,0,0,155,198,1,0,0,0,0,0,0,0,0,0,0,0,0,0,0,0,0,0,0,0,0,0,0,0,0,0,0,0,0,0,0,0,0,0,0,0,0,0,0,0,0,0,0,0,0,0,0,0,0,0,0,0,0,0,0,0,0,0,0,0,0,0,0,0,0,0,0,0,0,0,0,0,0,0,0,0,0,0,0,0,0,0,0,0,0,0,0,0,0,0,0,0,0,0,0,0,0,0,0,0,0,0,0,0,0,1,1,0,5,6,188,16,76,41509,3
25,72,34,0,25,80,48,0,25,88,50,0,9,72,14,0,9,80,32,0,9,88,12,1,72,67,158,0,72,59,156,1,96,71,152,32,96,79,140,33,0,0,206,0,0,248,200,1,0,163,202,0,0,155,198,1,0,0,0,0,0,0,0,0,0,0,0,0,0,0,0,0,0,0,0,0,0,0,0,0,0,0,0,0,0,0,0,0,0,0,0,0,0,0,0,0,0,0,0,0,0,0,0,0,0,0,0,0,0,0,0,0,0,0,0,0,0,0,0,0,0,0,0,0,0,0,0,0,0,0,0,0,0,0,0,0,0,0,0,0,0,0,0,0,0,0,0,0,0,0,0,0,0,0,0,0,0,0,0,0,1,1,0,5,6,175,16,76,48604,3
25,72,34,0,25,80,48,0,25,88,50,0,9,72,14,0,9,80,32,0,9,88,12,1,55,40,158,0,55,32,156,1,96,58,154,32,96,66,142,33,0,0,206,0,0,248,200,1,0,163,202,0,0,155,198,1,0,0,0,0,0,0,0,0,0,0,0,0,0,0,0,0,0,0,0,0,0,0,0,0,0,0,0,0,0,0,0,0,0,0,0,0,0,0,0,0,0,0,0,0,0,0,0,0,0,0,0,0,0,0,0,0,0,0,0,0,0,0,0,0,0,0,0,0,0,0,0,0,0,0,0,0,0,0,0,0,0,0,0,0,0,0,0,0,0,0,0,0,0,0,0,0,0,0,0,0,0,0,0,0,1,1,0,5,6,239,16,76,55507,3
25,72,34,0,25,80,48,0,25,88,50,0,9,72,14,0,9,80,32,0,9,88,12,1,38,13,158,0,38,5,156,1,96,38,154,0,96,30,142,1,0,0,206,0,0,248,200,1,0,163,202,0,0,155,198,1,0,0,0,0,0,0,0,0,0,0,0,0,0,0,0,0,0,0,0,0,0,0,0,0,0,0,0,0,0,0,0,0,0,0,0,0,0,0,0,0,0,0,0,0,0,0,0,0,0,0,0,0,0,0,0,0,0,0,0,0,0,0,0,0,0,0,0,0,0,0,0,0,0,0,0,0,0,0,0,0,0,0,0,0,0,0,0,0,0,0,0,0,0,0,0,0,0,0,0,0,0,0,0,0,1,1,0,5,6,47,16,76,62410,3
25,72,34,0,25,80,48,0,25,88,50,0,9,72,14,0,9,80,32,0,9,88,12,1,96,135,218,32,96,143,216,33,0,138,218,32,0,146,216,33,0,163,218,0,0,155,216,1,0,163,202,0,0,155,198,1,0,0,0,0,0,0,0,0,0,0,0,0,0,0,0,0,0,0,0,0,0,0,0,0,0,0,0,0,0,0,0,0,0,0,0,0,0,0,0,0,0,0,0,0,0,0,0,0,0,0,0,0,0,0,0,0,0,0,0,0,0,0,0,0,0,0,0,0,0,0,0,0,0,0,0,0,0,0,0,0,0,0,0,0,0,0,0,0,0,0,0,0,0,0,0,0,0,0,0,0,0,0,0,0,1,1,0,5,6,34,16,76,3969,3
25,72,34,0,25,80,48,0,25,88,50,0,9,72,14,0,9,80,32,0,9,88,12,1,94,104,218,32,94,112,216,33,0,138,218,32,0,146,216,33,0,163,218,0,0,155,216,1,0,163,202,0,0,155,198,1,0,0,0,0,0,0,0,0,0,0,0,0,0,0,0,0,0,0,0,0,0,0,0,0,0,0,0,0,0,0,0,0,0,0,0,0,0,0,0,0,0,0,0,0,0,0,0,0,0,0,0,0,0,0,0,0,0,0,0,0,0,0,0,0,0,0,0,0,0,0,0,0,0,0,0,0,0,0,0,0,0,0,0,0,0,0,0,0,0,0,0,0,0,0,0,0,0,0,0,0,0,0,0,0,1,1,0,5,6,21,16,76,11064,3
25,72,34,0,25,80,48,0,25,88,50,0,9,72,14,0,9,80,32,0,9,88,12,1,93,85,218,0,93,77,216,1,0,138,218,32,0,146,216,33,0,163,218,0,0,155,216,1,0,163,202,0,0,155,198,1,0,0,0,0,0,0,0,0,0,0,0,0,0,0,0,0,0,0,0,0,0,0,0,0,0,0,0,0,0,0,0,0,0,0,0,0,0,0,0,0,0,0,0,0,0,0,0,0,0,0,0,0,0,0,0,0,0,0,0,0,0,0,0,0,0,0,0,0,0,0,0,0,0,0,0,0,0,0,0,0,0,0,0,0,0,0,0,0,0,0,0,0,0,0,0,0,0,0,0,0,0,0,0,0,1,1,0,5,6,8,16,76,18159,3
25,72,34,0,25,80,48,0,25,88,50,0,9,72,14,0,9,80,32,0,9,88,12,1,93,56,218,0,93,48,216,1,28,143,158,0,28,135,156,1,96,158,218,32,96,166,216,33,43,175,158,0,43,167,156,1,0,0,0,0,0,0,0,0,0,0,0,0,0,0,0,0,0,0,0,0,0,0,0,0,0,0,0,0,0,0,0,0,0,0,0,0,0,0,0,0,0,0,0,0,0,0,0,0,0,0,0,0,0,0,0,0,0,0,0,0,0,0,0,0,0,0,0,0,0,0,0,0,0,0,0,0,0,0,0,0,0,0,0,0,0,0,0,0,0,0,0,0,0,0,0,0,0,0,0,0,0,0,0,0,1,1,0,5,6,226,16,76,24678,3
78,72,34,0,78,80,48,0,78,88,50,0,62,72,14,0,62,80,32,0,62,88,12,1,91,42,218,32,91,50,216,33,6,69,158,0,6,61,156,1,96,150,218,32,96,158,216,33,33,101,158,0,33,93,156,1,0,0,0,0,0,0,0,0,0,0,0,0,0,0,0,0,0,0,0,0,0,0,0,0,0,0,0,0,0,0,0,0,0,0,0,0,0,0,0,0,0,0,0,0,0,0,0,0,0,0,0,0,0,0,0,0,0,0,0,0,0,0,0,0,0,0,0,0,0,0,0,0,0,0,0,0,0,0,0,0,0,0,0,0,0,0,0,0,0,0,0,0,0,0,0,0,0,0,0,0,0,0,0,0,1,1,0,5,6,228,69,76,26631,5
24,88,50,0,24,72,34,0,24,80,48,0,8,88,28,0,8,80,32,0,8,72,30,1,96,95,218,0,96,87,216,1,0,90,218,32,0,98,216,33,0,1,158,0,0,249,156,1,0,33,158,0,0,25,156,1,0,0,0,0,0,0,0,0,0,0,0,0,0,0,0,0,0,0,0,0,0,0,0,0,0,0,0,0,0,0,0,0,0,0,0,0,0,0,0,0,0,0,0,0,0,0,0,0,0,0,0,0,0,0,0,0,0,0,0,0,0,0,0,0,0,0,0,0,0,0,0,0,0,0,0,0,0,0,0,0,0,0,0,0,0,0,0,0,0,0,0,0,0,0,0,0,0,0,0,0,0,0,0,0,1,1,0,5,6,189,16,76,43743,3
24,88,50,0,24,72,34,0,24,80,48,0,8,88,28,0,8,80,32,0,8,72,30,1,96,64,218,0,96,56,216,1,0,90,218,32,0,98,216,33,0,1,158,0,0,249,156,1,0,33,158,0,0,25,156,1,0,0,0,0,0,0,0,0,0,0,0,0,0,0,0,0,0,0,0,0,0,0,0,0,0,0,0,0,0,0,0,0,0,0,0,0,0,0,0,0,0,0,0,0,0,0,0,0,0,0,0,0,0,0,0,0,0,0,0,0,0,0,0,0,0,0,0,0,0,0,0,0,0,0,0,0,0,0,0,0,0,0,0,0,0,0,0,0,0,0,0,0,0,0,0,0,0,0,0,0,0,0,0,0,1,1,0,5,6,124,16,76,51606,3
24,88,50,0,24,72,34,0,24,80,48,0,8,88,28,0,8,80,32,0,8,72,30,1,96,33,218,0,96,25,216,1,0,90,218,32,0,98,216,33,0,1,158,0,0,249,156,1,0,33,158,0,0,25,156,1,0,0,0,0,0,0,0,0,0,0,0,0,0,0,0,0,0,0,0,0,0,0,0,0,0,0,0,0,0,0,0,0,0,0,0,0,0,0,0,0,0,0,0,0,0,0,0,0,0,0,0,0,0,0,0,0,0,0,0,0,0,0,0,0,0,0,0,0,0,0,0,0,0,0,0,0,0,0,0,0,0,0,0,0,0,0,0,0,0,0,0,0,0,0,0,0,0,0,0,0,0,0,0,0,1,1,0,5,6,59,16,76,59469,3
24,88,50,0,24,72,34,0,24,80,48,0,8,88,28,0,8,80,32,0,8,72,30,1,80,154,202,0,80,146,198,1,96,3,218,0,96,251,216,1,0,1,158,0,0,249,156,1,0,33,158,0,0,25,156,1,0,0,0,0,0,0,0,0,0,0,0,0,0,0,0,0,0,0,0,0,0,0,0,0,0,0,0,0,0,0,0,0,0,0,0,0,0,0,0,0,0,0,0,0,0,0,0,0,0,0,0,0,0,0,0,0,0,0,0,0,0,0,0,0,0,0,0,0,0,0,0,0,0,0,0,0,0,0,0,0,0,0,0,0,0,0,0,0,0,0,0,0,0,0,0,0,0,0,0,0,0,0,0,0,1,1,0,5,6,71,16,76,1604,3
24,88,50,0,24,72,34,0,24,80,48,0,8,88,28,0,8,80,32,0,8,72,30,1,64,124,206,0,64,116,200,1,0,1,218,0,0,249,216,1,0,1,158,0,0,249,156,1,0,33,158,0,0,25,156,1,0,0,0,0,0,0,0,0,0,0,0,0,0,0,0,0,0,0,0,0,0,0,0,0,0,0,0,0,0,0,0,0,0,0,0,0,0,0,0,0,0,0,0,0,0,0,0,0,0,0,0,0,0,0,0,0,0,0,0,0,0,0,0,0,0,0,0,0,0,0,0,0,0,0,0,0,0,0,0,0,0,0,0,0,0,0,0,0,0,0,0,0,0,0,0,0,0,0,0,0,0,0,0,0,1,1,0,5,6,6,16,76,9467,3
24,88,50,0,24,72,34,0,24,80,48,0,8,88,28,0,8,80,32,0,8,72,30,1,80,94,202,0,80,86,198,1,50,158,158,0,50,150,156,1,0,1,158,0,0,249,156,1,0,33,158,0,0,25,156,1,0,0,0,0,0,0,0,0,0,0,0,0,0,0,0,0,0,0,0,0,0,0,0,0,0,0,0,0,0,0,0,0,0,0,0,0,0,0,0,0,0,0,0,0,0,0,0,0,0,0,0,0,0,0,0,0,0,0,0,0,0,0,0,0,0,0,0,0,0,0,0,0,0,0,0,0,0,0,0,0,0,0,0,0,0,0,0,0,0,0,0,0,0,0,0,0,0,0,0,0,0,0,0,0,1,1,0,5,6,18,16,76,17138,3
24,88,50,0,24,72,34,0,24,80,48,0,8,88,28,0,8,80,32,0,8,72,30,1,80,64,202,0,80,56,198,1,70,128,158,0,70,120,156,1,96,133,152,0,96,125,140,1,0,33,158,0,0,25,156,1,0,0,0,0,0,0,0,0,0,0,0,0,0,0,0,0,0,0,0,0,0,0,0,0,0,0,0,0,0,0,0,0,0,0,0,0,0,0,0,0,0,0,0,0,0,0,0,0,0,0,0,0,0,0,0,0,0,0,0,0,0,0,0,0,0,0,0,0,0,0,0,0,0,0,0,0,0,0,0,0,0,0,0,0,0,0,0,0,0,0,0,0,0,0,0,0,0,0,0,0,0,0,0,0,1,1,0,5,6,30,16,76,24809,3
24,88,50,0,24,72,34,0,24,80,48,0,8,88,28,0,8,80,32,0,8,72,30,1,72,34,206,0,72,26,200,1,80,98,158,0,80,90,156,1,96,63,152,32,96,71,140,33,95,157,194,0,95,149,190,1,0,0,0,0,0,0,0,0,0,0,0,0,0,0,0,0,0,0,0,0,0,0,0,0,0,0,0,0,0,0,0,0,0,0,0,0,0,0,0,0,0,0,0,0,0,0,0,0,0,0,0,0,0,0,0,0,0,0,0,0,0,0,0,0,0,0,0,0,0,0,0,0,0,0,0,0,0,0,0,0,0,0,0,0,0,0,0,0,0,0,0,0,0,0,0,0,0,0,0,0,0,0,0,0,1,1,0,5,6,119,16,76,32288,3
24,88,50,0,24,72,34,0,24,80,48,0,8,88,28,0,8,80,32,0,8,72,30,1,66,6,206,0,66,254,200,1,73,70,158,0,73,62,156,1,96,73,152,32,96,81,140,33,94,109,194,32,94,117,190,33,96,164,218,32,96,172,216,33,0,0,0,0,0,0,0,0,0,0,0,0,0,0,0,0,0,0,0,0,0,0,0,0,0,0,0,0,0,0,0,0,0,0,0,0,0,0,0,0,0,0,0,0,0,0,0,0,0,0,0,0,0,0,0,0,0,0,0,0,0,0,0,0,0,0,0,0,0,0,0,0,0,0,0,0,0,0,0,0,0,0,0,0,0,0,0,0,0,0,0,0,0,0,0,0,1,1,0,5,6,29,16,76,39575,3
25,72,34,0,25,80,48,0,25,88,50,0,9,72,14,0,9,80,32,0,9,88,12,1,57,43,158,0,57,35,156,1,96,89,154,0,96,81,142,1,94,100,194,32,94,108,190,33,95,137,218,32,95,145,216,33,96,175,152,0,96,167,140,1,0,0,0,0,0,0,0,0,0,0,0,0,0,0,0,0,0,0,0,0,0,0,0,0,0,0,0,0,0,0,0,0,0,0,0,0,0,0,0,0,0,0,0,0,0,0,0,0,0,0,0,0,0,0,0,0,0,0,0,0,0,0,0,0,0,0,0,0,0,0,0,0,0,0,0,0,0,0,0,0,0,0,0,0,0,0,0,0,0,0,0,0,0,0,0,0,1,1,0,5,6,93,16,76,46478,3
24,88,50,0,24,72,34,0,24,80,48,0,8,88,28,0,8,80,32,0,8,72,30,1,41,18,162,0,41,10,160,1,96,40,152,0,96,32,140,1,95,96,194,0,95,88,190,1,96,112,218,32,96,120,216,33,96,137,154,32,96,145,142,33,64,152,204,0,64,144,198,1,0,0,0,0,0,0,0,0,0,0,0,0,0,0,0,0,0,0,0,0,0,0,0,0,0,0,0,0,0,0,0,0,0,0,0,0,0,0,0,0,0,0,0,0,0,0,0,0,0,0,0,0,0,0,0,0,0,0,0,0,0,0,0,0,0,0,0,0,0,0,0,0,0,0,0,0,0,0,0,0,0,0,0,0,0,0,0,0,1,1,0,5,6,132,16,76,52805,3
25,72,34,0,25,80,48,0,25,88,50,0,9,72,14,0,9,80,32,0,9,88,12,1,96,52,194,0,96,44,190,1,96,86,218,32,96,94,216,33,96,135,152,0,96,127,140,1,64,104,204,0,64,96,198,1,0,117,206,0,0,109,200,1,0,123,206,0,0,115,200,1,0,0,0,0,0,0,0,0,0,0,0,0,0,0,0,0,0,0,0,0,0,0,0,0,0,0,0,0,0,0,0,0,0,0,0,0,0,0,0,0,0,0,0,0,0,0,0,0,0,0,0,0,0,0,0,0,0,0,0,0,0,0,0,0,0,0,0,0,0,0,0,0,0,0,0,0,0,0,0,0,0,0,0,0,0,0,0,0,1,8,0,5,6,17,16,76,59516,3
25,72,34,0,25,80,48,0,25,88,50,0,9,72,14,0,9,80,32,0,9,88,12,1,96,14,196,0,96,6,192,1,96,74,218,0,96,66,216,1,96,101,152,0,96,93,140,1,64,60,206,0,64,52,200,1,0,117,206,0,0,109,200,1,0,123,206,0,0,115,200,1,0,0,0,0,0,0,0,0,0,0,0,0,0,0,0,0,0,0,0,0,0,0,0,0,0,0,0,0,0,0,0,0,0,0,0,0,0,0,0,0,0,0,0,0,0,0,0,0,0,0,0,0,0,0,0,0,0,0,0,0,0,0,0,0,0,0,0,0,0,0,0,0,0,0,0,0,0,0,0,0,0,0,0,0,0,0,0,0,1,1,0,5,6,190,16,76,65468,3
24,88,50,0,24,72,34,0,24,80,48,0,8,88,28,0,8,80,32,0,8,72,30,1,95,251,196,32,95,3,192,33,96,49,218,0,96,41,216,1,96,63,152,32,96,71,140,33,60,15,206,0,60,7,200,1,80,153,202,0,80,145,198,1,0,123,206,0,0,115,200,1,0,0,0,0,0,0,0,0,0,0,0,0,0,0,0,0,0,0,0,0,0,0,0,0,0,0,0,0,0,0,0,0,0,0,0,0,0,0,0,0,0,0,0,0,0,0,0,0,0,0,0,0,0,0,0,0,0,0,0,0,0,0,0,0,0,0,0,0,0,0,0,0,0,0,0,0,0,0,0,0,0,0,0,0,0,0,0,0,1,8,0,5,6,229,16,76,6259,3
25,72,34,0,25,80,48,0,25,88,50,0,9,72,14,0,9,80,32,0,9,88,12,1,96,12,218,32,96,20,216,33,96,61,152,0,96,53,140,1,64,126,206,0,64,118,200,1,0,141,206,0,0,133,200,1,0,144,204,0,0,136,198,1,0,123,206,0,0,115,200,1,0,0,0,0,0,0,0,0,0,0,0,0,0,0,0,0,0,0,0,0,0,0,0,0,0,0,0,0,0,0,0,0,0,0,0,0,0,0,0,0,0,0,0,0,0,0,0,0,0,0,0,0,0,0,0,0,0,0,0,0,0,0,0,0,0,0,0,0,0,0,0,0,0,0,0,0,0,0,0,0,0,0,0,0,0,0,0,0,1,1,0,5,6,94,16,76,12979,3
25,72,34,0,25,80,48,0,25,88,50,0,9,72,14,0,9,80,32,0,9,88,12,1,39,162,162,0,39,154,160,1,95,248,218,32,95,0,216,33,96,33,152,0,96,25,140,1,75,106,206,0,75,98,200,1,64,164,116,16,64,156,100,17,0,123,206,0,0,115,200,1,0,0,0,0,0,0,0,0,0,0,0,0,0,0,0,0,0,0,0,0,0,0,0,0,0,0,0,0,0,0,0,0,0,0,0,0,0,0,0,0,0,0,0,0,0,0,0,0,0,0,0,0,0,0,0,0,0,0,0,0,0,0,0,0,0,0,0,0,0,0,0,0,0,0,0,0,0,0,0,0,0,0,0,0,0,0,0,0,1,1,0,5,6,83,16,76,18154,3
25,72,34,0,25,80,48,0,25,88,50,0,9,72,14,0,9,80,32,0,9,88,12,1,39,111,158,0,39,103,156,1,80,80,202,0,80,72,198,1,64,138,100,112,64,130,116,113,0,142,114,96,0,134,114,65,0,162,116,16,0,154,100,17,0,123,206,0,0,115,200,1,0,0,0,0,0,0,0,0,0,0,0,0,0,0,0,0,0,0,0,0,0,0,0,0,0,0,0,0,0,0,0,0,0,0,0,0,0,0,0,0,0,0,0,0,0,0,0,0,0,0,0,0,0,0,0,0,0,0,0,0,0,0,0,0,0,0,0,0,0,0,0,0,0,0,0,0,0,0,0,0,0,0,0,0,0,0,0,0,1,1,0,5,6,45,16,76,24673,3
24,116,50,0,24,100,34,0,24,108,48,0,8,116,28,0,8,108,32,0,8,100,30,1,31,82,162,0,31,74,160,1,96,14,152,0,96,6,140,1,80,80,202,0,80,72,198,1,64,138,116,0,64,130,100,1,0,162,116,16,0,154,100,17,0,123,206,0,0,115,200,1,0,0,0,0,0,0,0,0,0,0,0,0,0,0,0,0,0,0,0,0,0,0,0,0,0,0,0,0,0,0,0,0,0,0,0,0,0,0,0,0,0,0,0,0,0,0,0,0,0,0,0,0,0,0,0,0,0,0,0,0,0,0,0,0,0,0,0,0,0,0,0,0,0,0,0,0,0,0,0,0,0,0,0,0,0,0,0,0,1,1,0,5,6,211,16,104,24792,3
25,94,34,32,25,86,48,32,25,78,50,32,9,94,14,32,9,86,32,32,9,78,12,33,34,33,158,0,34,25,156,1,70,80,206,0,70,72,200,1,64,138,114,32,64,130,114,1,0,138,100,96,0,130,116,97,0,162,116,16,0,154,100,17,0,123,206,0,0,115,200,1,0,0,0,0,0,0,0,0,0,0,0,0,0,0,0,0,0,0,0,0,0,0,0,0,0,0,0,0,0,0,0,0,0,0,0,0,0,0,0,0,0,0,0,0,0,0,0,0,0,0,0,0,0,0,0,0,0,0,0,0,0,0,0,0,0,0,0,0,0,0,0,0,0,0,0,0,0,0,0,0,0,0,0,0,0,0,0,0,6,1,0,5,6,13,16,82,24673,2
25,86,34,32,25,78,48,32,25,70,50,32,9,86,14,32,9,78,32,32,9,70,12,33,96,12,154,0,96,4,142,1,80,80,202,0,80,72,198,1,64,138,114,96,64,130,114,65,0,138,114,96,0,130,114,65,0,162,116,16,0,154,100,17,0,123,206,0,0,115,200,1,0,0,0,0,0,0,0,0,0,0,0,0,0,0,0,0,0,0,0,0,0,0,0,0,0,0,0,0,0,0,0,0,0,0,0,0,0,0,0,0,0,0,0,0,0,0,0,0,0,0,0,0,0,0,0,0,0,0,0,0,0,0,0,0,0,0,0,0,0,0,0,0,0,0,0,0,0,0,0,0,0,0,0,0,0,0,0,0,6,1,0,5,6,202,16,74,24768,8
40,113,50,0,40,97,34,0,40,105,48,0,24,113,28,0,24,105,32,0,24,97,30,1,80,80,202,0,80,72,198,1,64,138,114,32,64,130,114,1,0,138,114,32,0,130,114,1,0,138,114,96,0,130,114,65,0,162,116,16,0,154,100,17,0,123,206,0,0,115,200,1,0,0,0,0,0,0,0,0,0,0,0,0,0,0,0,0,0,0,0,0,0,0,0,0,0,0,0,0,0,0,0,0,0,0,0,0,0,0,0,0,0,0,0,0,0,0,0,0,0,0,0,0,0,0,0,0,0,0,0,0,0,0,0,0,0,0,0,0,0,0,0,0,0,0,0,0,0,0,0,0,0,0,0,0,0,0,0,0,6,1,0,5,6,88,32,101,24792,7
71,142,42,0,55,142,42,64,71,134,62,0,71,126,46,0,55,134,60,0,55,126,44,1,44,121,130,1,44,146,130,1,60,112,130,1,96,10,154,0,96,2,142,1,60,155,130,1,80,80,206,0,80,72,200,1,0,162,116,16,0,154,100,17,0,123,206,0,0,115,200,1,0,0,0,0,0,0,0,0,0,0,0,0,0,0,0,0,0,0,0,0,0,0,0,0,0,0,0,0,0,0,0,0,0,0,0,0,0,0,0,0,0,0,0,0,0,0,0,0,0,0,0,0,0,0,0,0,0,0,0,0,0,0,0,0,0,0,0,0,0,0,0,0,0,0,0,0,0,0,0,0,0,0,0,0,0,0,0,0,6,6,0,5,6,12,64,130,24591,7
72,40,0,0,72,48,16,1,0,23,130,1,0,150,46,0,0,158,60,0,0,150,44,1,0,101,162,1,0,67,162,1,0,99,162,1,0,65,162,1,0,0,0,0,0,0,0,0,0,0,0,0,0,0,0,0,0,0,0,0,0,0,0,0,0,0,0,0,0,0,0,0,0,0,0,0,0,0,0,0,0,0,0,0,0,0,0,0,0,0,0,0,0,0,0,0,0,0,0,0,0,0,0,0,0,0,0,0,0,0,0,0,0,0,0,0,0,0,0,0,0,0,0,0,0,0,0,0,0,0,0,0,0,0,0,0,0,0,0,0,0,0,0,0,0,0,0,0,0,0,0,0,0,0,0,0,0,0,0,0,0,1,0,5,6,58,72,40,0,8
96,40,2,0,96,48,18,1,0,65,130,1,0,150,46,0,0,158,60,0,0,150,44,1,0,101,162,1,0,67,162,1,0,99,162,1,0,65,162,1,0,0,0,0,0,0,0,0,0,0,0,0,0,0,0,0,0,0,0,0,0,0,0,0,0,0,0,0,0,0,0,0,0,0,0,0,0,0,0,0,0,0,0,0,0,0,0,0,0,0,0,0,0,0,0,0,0,0,0,0,0,0,0,0,0,0,0,0,0,0,0,0,0,0,0,0,0,0,0,0,0,0,0,0,0,0,0,0,0,0,0,0,0,0,0,0,0,0,0,0,0,0,0,0,0,0,0,0,0,0,0,0,0,0,0,0,0,0,0,0,0,1,0,5,6,87,96,40,0,8
80,73,90,1,112,73,90,1,91,54,90,1,104,40,38,0,104,48,54,0,88,40,36,0,88,48,52,1,0,67,162,1,0,99,162,1,0,65,162,1,0,0,0,0,0,0,0,0,0,0,0,0,0,0,0,0,0,0,0,0,0,0,0,0,0,0,0,0,0,0,0,0,0,0,0,0,0,0,0,0,0,0,0,0,0,0,0,0,0,0,0,0,0,0,0,0,0,0,0,0,0,0,0,0,0,0,0,0,0,0,0,0,0,0,0,0,0,0,0,0,0,0,0,0,0,0,0,0,0,0,0,0,0,0,0,0,0,0,0,0,0,0,0,0,0,0,0,0,0,0,0,0,0,0,0,0,0,0,0,0,0,1,0,5,6,87,96,40,0,0
78,40,0,0,78,48,16,1,0,40,36,0,0,48,52,1,0,48,54,0,0,40,36,0,0,48,52,1,0,67,162,1,0,99,162,1,0,65,162,1,0,0,0,0,0,0,0,0,0,0,0,0,0,0,0,0,0,0,0,0,0,0,0,0,0,0,0,0,0,0,0,0,0,0,0,0,0,0,0,0,0,0,0,0,0,0,0,0,0,0,0,0,0,0,0,0,0,0,0,0,0,0,0,0,0,0,0,0,0,0,0,0,0,0,0,0,0,0,0,0,0,0,0,0,0,0,0,0,0,0,0,0,0,0,0,0,0,0,0,0,0,0,0,0,0,0,0,0,0,0,0,0,0,0,0,0,0,0,0,0,0,1,0,5,6,99,78,40,0,8
96,40,70,0,96,48,86,1,0,40,36,0,0,48,52,1,0,48,54,0,0,40,36,0,0,48,52,1,0,67,162,1,0,99,162,1,0,65,162,1,0,0,0,0,0,0,0,0,0,0,0,0,0,0,0,0,0,0,0,0,0,0,0,0,0,0,0,0,0,0,0,0,0,0,0,0,0,0,0,0,0,0,0,0,0,0,0,0,0,0,0,0,0,0,0,0,0,0,0,0,0,0,0,0,0,0,0,0,0,0,0,0,0,0,0,0,0,0,0,0,0,0,0,0,0,0,0,0,0,0,0,0,0,0,0,0,0,0,0,0,0,0,0,0,0,0,0,0,0,0,0,0,0,0,0,0,0,0,0,0,0,1,0,5,6,18,96,40,0,5
25,72,34,0,25,80,48,0,25,88,50,0,9,72,14,0,9,80,32,0,9,88,12,1,0,48,52,1,0,67,162,1,0,99,162,1,0,65,162,1,0,0,0,0,0,0,0,0,0,0,0,0,0,0,0,0,0,0,0,0,0,0,0,0,0,0,0,0,0,0,0,0,0,0,0,0,0,0,0,0,0,0,0,0,0,0,0,0,0,0,0,0,0,0,0,0,0,0,0,0,0,0,0,0,0,0,0,0,0,0,0,0,0,0,0,0,0,0,0,0,0,0,0,0,0,0,0,0,0,0,0,0,0,0,0,0,0,0,0,0,0,0,0,0,0,0,0,0,0,0,0,0,0,0,0,0,0,0,0,0,0,1,0,5,6,97,16,76,7128,3
18,76,0,0,18,84,16,1,11,137,76,0,11,145,92,1,0,80,32,0,0,72,30,1,0,133,76,0,0,141,92,1,0,99,162,1,0,65,162,1,0,0,0,0,0,0,0,0,0,0,0,0,0,0,0,0,0,0,0,0,0,0,0,0,0,0,0,0,0,0,0,0,0,0,0,0,0,0,0,0,0,0,0,0,0,0,0,0,0,0,0,0,0,0,0,0,0,0,0,0,0,0,0,0,0,0,0,0,0,0,0,0,0,0,0,0,0,0,0,0,0,0,0,0,0,0,0,0,0,0,0,0,0,0,0,0,0,0,0,0,0,0,0,0,0,0,0,0,0,0,0,0,0,0,0,0,0,0,0,0,0,1,0,5,6,225,18,76,8416,0
25,72,34,0,25,80,48,0,25,88,50,0,9,72,14,0,9,80,32,0,9,88,12,1,96,141,152,0,96,133,140,1,0,99,162,1,0,65,162,1,0,0,0,0,0,0,0,0,0,0,0,0,0,0,0,0,0,0,0,0,0,0,0,0,0,0,0,0,0,0,0,0,0,0,0,0,0,0,0,0,0,0,0,0,0,0,0,0,0,0,0,0,0,0,0,0,0,0,0,0,0,0,0,0,0,0,0,0,0,0,0,0,0,0,0,0,0,0,0,0,0,0,0,0,0,0,0,0,0,0,0,0,0,0,0,0,0,0,0,0,0,0,0,0,0,0,0,0,0,0,0,0,0,0,0,0,0,0,0,0,1,1,0,5,6,197,16,76,25144,3
25,72,34,0,25,80,48,0,25,88,50,0,9,72,14,0,9,80,32,0,9,88,12,1,96,97,152,0,96,89,140,1,96,139,152,0,96,131,140,1,0,0,0,0,0,0,0,0,0,0,0,0,0,0,0,0,0,0,0,0,0,0,0,0,0,0,0,0,0,0,0,0,0,0,0,0,0,0,0,0,0,0,0,0,0,0,0,0,0,0,0,0,0,0,0,0,0,0,0,0,0,0,0,0,0,0,0,0,0,0,0,0,0,0,0,0,0,0,0,0,0,0,0,0,0,0,0,0,0,0,0,0,0,0,0,0,0,0,0,0,0,0,0,0,0,0,0,0,0,0,0,0,0,0,0,0,0,0,0,0,1,1,0,5,6,80,16,76,33775,3
25,72,34,0,25,80,48,0,25,88,50,0,9,72,14,0,9,80,32,0,9,88,12,1,96,53,154,0,96,45,142,1,96,95,154,0,96,87,142,1,0,0,0,0,0,0,0,0,0,0,0,0,0,0,0,0,0,0,0,0,0,0,0,0,0,0,0,0,0,0,0,0,0,0,0,0,0,0,0,0,0,0,0,0,0,0,0,0,0,0,0,0,0,0,0,0,0,0,0,0,0,0,0,0,0,0,0,0,0,0,0,0,0,0,0,0,0,0,0,0,0,0,0,0,0,0,0,0,0,0,0,0,0,0,0,0,0,0,0,0,0,0,0,0,0,0,0,0,0,0,0,0,0,0,0,0,0,0,0,0,1,1,0,5,6,40,16,76,42214,3
25,72,34,0,25,80,48,0,25,88,50,0,9,72,14,0,9,80,32,0,9,88,12,1,96,9,152,0,96,1,140,1,96,51,154,0,96,43,142,1,80,135,152,32,80,143,140,33,46,140,206,0,46,132,200,1,0,0,0,0,0,0,0,0,0,0,0,0,0,0,0,0,0,0,0,0,0,0,0,0,0,0,0,0,0,0,0,0,0,0,0,0,0,0,0,0,0,0,0,0,0,0,0,0,0,0,0,0,0,0,0,0,0,0,0,0,0,0,0,0,0,0,0,0,0,0,0,0,0,0,0,0,0,0,0,0,0,0,0,0,0,0,0,0,0,0,0,0,0,0,0,0,0,0,0,0,0,0,0,0,1,1,0,5,6,0,16,76,50653,3
25,72,34,0,25,80,48,0,25,88,50,0,9,72,14,0,9,80,32,0,9,88,12,1,96,7,152,0,96,255,140,1,80,116,154,0,80,108,142,1,44,77,206,0,44,69,200,1,80,170,202,0,80,162,198,1,0,0,0,0,0,0,0,0,0,0,0,0,0,0,0,0,0,0,0,0,0,0,0,0,0,0,0,0,0,0,0,0,0,0,0,0,0,0,0,0,0,0,0,0,0,0,0,0,0,0,0,0,0,0,0,0,0,0,0,0,0,0,0,0,0,0,0,0,0,0,0,0,0,0,0,0,0,0,0,0,0,0,0,0,0,0,0,0,0,0,0,0,0,0,0,0,0,0,0,0,0,0,0,0,1,1,0,5,6,216,16,76,59092,3
25,72,34,0,25,80,48,0,25,88,50,0,9,72,14,0,9,80,32,0,9,88,12,1,80,63,154,32,80,71,142,33,45,14,206,0,45,6,200,1,64,136,204,0,64,128,198,1,0,165,202,0,0,157,198,1,0,0,0,0,0,0,0,0,0,0,0,0,0,0,0,0,0,0,0,0,0,0,0,0,0,0,0,0,0,0,0,0,0,0,0,0,0,0,0,0,0,0,0,0,0,0,0,0,0,0,0,0,0,0,0,0,0,0,0,0,0,0,0,0,0,0,0,0,0,0,0,0,0,0,0,0,0,0,0,0,0,0,0,0,0,0,0,0,0,0,0,0,0,0,0,0,0,0,0,0,0,0,0,0,1,1,0,5,6,99,16,76,2187,3
25,72,34,0,25,80,48,0,25,88,50,0,9,72,14,0,9,80,32,0,9,88,12,1,80,52,152,0,80,44,140,1,79,102,206,0,79,94,200,1,0,128,206,0,0,120,200,1,0,165,202,0,0,157,198,1,0,0,0,0,0,0,0,0,0,0,0,0,0,0,0,0,0,0,0,0,0,0,0,0,0,0,0,0,0,0,0,0,0,0,0,0,0,0,0,0,0,0,0,0,0,0,0,0,0,0,0,0,0,0,0,0,0,0,0,0,0,0,0,0,0,0,0,0,0,0,0,0,0,0,0,0,0,0,0,0,0,0,0,0,0,0,0,0,0,0,0,0,0,0,0,0,0,0,0,0,0,0,0,0,1,1,0,5,6,238,16,76,10818,3
25,72,34,0,25,80,48,0,25,88,50,0,9,72,14,0,9,80,32,0,9,88,12,1,80,249,152,32,80,1,140,33,80,69,202,0,80,61,198,1,0,128,206,0,0,120,200,1,0,165,202,0,0,157,198,1,0,0,0,0,0,0,0,0,0,0,0,0,0,0,0,0,0,0,0,0,0,0,0,0,0,0,0,0,0,0,0,0,0,0,0,0,0,0,0,0,0,0,0,0,0,0,0,0,0,0,0,0,0,0,0,0,0,0,0,0,0,0,0,0,0,0,0,0,0,0,0,0,0,0,0,0,0,0,0,0,0,0,0,0,0,0,0,0,0,0,0,0,0,0,0,0,0,0,0,0,0,0,0,0,1,1,0,5,6,198,16,76,19257,3
25,72,34,0,25,80,48,0,25,88,50,0,9,72,14,0,9,80,32,0,9,88,12,1,56,148,158,0,56,140,156,1,96,163,154,0,96,155,142,1,73,36,204,0,73,28,198,1,0,165,202,0,0,157,198,1,0,0,0,0,0,0,0,0,0,0,0,0,0,0,0,0,0,0,0,0,0,0,0,0,0,0,0,0,0,0,0,0,0,0,0,0,0,0,0,0,0,0,0,0,0,0,0,0,0,0,0,0,0,0,0,0,0,0,0,0,0,0,0,0,0,0,0,0,0,0,0,0,0,0,0,0,0,0,0,0,0,0,0,0,0,0,0,0,0,0,0,0,0,0,0,0,0,0,0,0,0,0,0,0,1,1,0,5,6,158,16,76,27696,3
25,72,34,0,25,80,48,0,25,88,50,0,9,72,14,0,9,80,32,0,9,88,12,1,75,115,158,0,75,107,156,1,96,132,154,32,96,140,142,33,68,3,206,0,68,251,200,1,0,165,202,0,0,157,198,1,0,0,0,0,0,0,0,0,0,0,0,0,0,0,0,0,0,0,0,0,0,0,0,0,0,0,0,0,0,0,0,0,0,0,0,0,0,0,0,0,0,0,0,0,0,0,0,0,0,0,0,0,0,0,0,0,0,0,0,0,0,0,0,0,0,0,0,0,0,0,0,0,0,0,0,0,0,0,0,0,0,0,0,0,0,0,0,0,0,0,0,0,0,0,0,0,0,0,0,0,0,0,0,0,1,1,0,5,6,118,16,76,36135,3
25,72,34,0,25,80,48,0,25,88,50,0,9,72,14,0,9,80,32,0,9,88,12,1,77,82,158,0,77,74,156,1,96,103,152,0,96,95,140,1,0,0,206,0,0,248,200,1,0,165,202,0,0,157,198,1,0,0,0,0,0,0,0,0,0,0,0,0,0,0,0,0,0,0,0,0,0,0,0,0,0,0,0,0,0,0,0,0,0,0,0,0,0,0,0,0,0,0,0,0,0,0,0,0,0,0,0,0,0,0,0,0,0,0,0,0,0,0,0,0,0,0,0,0,0,0,0,0,0,0,0,0,0,0,0,0,0,0,0,0,0,0,0,0,0,0,0,0,0,0,0,0,0,0,0,0,0,0,0,0,1,1,0,5,6,1,16,76,44766,3
25,72,34,0,25,80,48,0,25,88,50,0,9,72,14,0,9,80,32,0,9,88,12,1,60,48,162,0,60,40,160,1,96,60,152,32,96,68,140,33,0,0,206,0,0,248,200,1,0,165,202,0,0,157,198,1,0,0,0,0,0,0,0,0,0,0,0,0,0,0,0,0,0,0,0,0,0,0,0,0,0,0,0,0,0,0,0,0,0,0,0,0,0,0,0,0,0,0,0,0,0,0,0,0,0,0,0,0,0,0,0,0,0,0,0,0,0,0,0,0,0,0,0,0,0,0,0,0,0,0,0,0,0,0,0,0,0,0,0,0,0,0,0,0,0,0,0,0,0,0,0,0,0,0,0,0,0,0,0,0,1,8,0,5,6,140,16,76,53397,3
24,88,50,0,24,72,34,0,24,80,48,0,8,88,28,0,8,80,32,0,8,72,30,1,39,16,162,0,39,8,160,1,96,43,154,0,96,35,142,1,0,0,206,0,0,248,200,1,0,165,202,0,0,157,198,1,0,0,0,0,0,0,0,0,0,0,0,0,0,0,0,0,0,0,0,0,0,0,0,0,0,0,0,0,0,0,0,0,0,0,0,0,0,0,0,0,0,0,0,0,0,0,0,0,0,0,0,0,0,0,0,0,0,0,0,0,0,0,0,0,0,0,0,0,0,0,0,0,0,0,0,0,0,0,0,0,0,0,0,0,0,0,0,0,0,0,0,0,0,0,0,0,0,0,0,0,0,0,0,0,1,1,0,5,6,157,16,76,61653,3
25,72,34,0,25,80,48,0,25,88,50,0,9,72,14,0,9,80,32,0,9,88,12,1,94,133,218,32,94,141,216,33,0,138,218,32,0,146,216,33,0,163,218,0,0,155,216,1,0,165,202,0,0,157,198,1,0,0,0,0,0,0,0,0,0,0,0,0,0,0,0,0,0,0,0,0,0,0,0,0,0,0,0,0,0,0,0,0,0,0,0,0,0,0,0,0,0,0,0,0,0,0,0,0,0,0,0,0,0,0,0,0,0,0,0,0,0,0,0,0,0,0,0,0,0,0,0,0,0,0,0,0,0,0,0,0,0,0,0,0,0,0,0,0,0,0,0,0,0,0,0,0,0,0,0,0,0,0,0,0,1,1,0,5,6,117,16,76,4556,3
25,72,34,0,25,80,48,0,25,88,50,0,9,72,14,0,9,80,32,0,9,88,12,1,95,95,218,32,95,103,216,33,0,138,218,32,0,146,216,33,0,163,218,0,0,155,216,1,0,165,202,0,0,157,198,1,0,0,0,0,0,0,0,0,0,0,0,0,0,0,0,0,0,0,0,0,0,0,0,0,0,0,0,0,0,0,0,0,0,0,0,0,0,0,0,0,0,0,0,0,0,0,0,0,0,0,0,0,0,0,0,0,0,0,0,0,0,0,0,0,0,0,0,0,0,0,0,0,0,0,0,0,0,0,0,0,0,0,0,0,0,0,0,0,0,0,0,0,0,0,0,0,0,0,0,0,0,0,0,0,1,1,0,5,6,0,16,76,13187,3
25,72,34,0,25,80,48,0,25,88,50,0,9,72,14,0,9,80,32,0,9,88,12,1,91,59,218,32,91,67,216,33,38,168,158,0,38,160,156,1,0,163,218,0,0,155,216,1,0,165,202,0,0,157,198,1,0,0,0,0,0,0,0,0,0,0,0,0,0,0,0,0,0,0,0,0,0,0,0,0,0,0,0,0,0,0,0,0,0,0,0,0,0,0,0,0,0,0,0,0,0,0,0,0,0,0,0,0,0,0,0,0,0,0,0,0,0,0,0,0,0,0,0,0,0,0,0,0,0,0,0,0,0,0,0,0,0,0,0,0,0,0,0,0,0,0,0,0,0,0,0,0,0,0,0,0,0,0,0,0,1,1,0,5,6,37,16,76,21434,3
24,88,50,0,24,72,34,0,24,80,48,0,8,88,28,0,8,80,32,0,8,72,30,1,92,28,218,32,92,36,216,33,41,108,158,0,41,100,156,1,96,152,218,0,96,144,216,1,40,141,158,0,40,133,156,1,0,0,0,0,0,0,0,0,0,0,0,0,0,0,0,0,0,0,0,0,0,0,0,0,0,0,0,0,0,0,0,0,0,0,0,0,0,0,0,0,0,0,0,0,0,0,0,0,0,0,0,0,0,0,0,0,0,0,0,0,0,0,0,0,0,0,0,0,0,0,0,0,0,0,0,0,0,0,0,0,0,0,0,0,0,0,0,0,0,0,0,0,0,0,0,0,0,0,0,0,0,0,0,0,1,1,0,5,6,49,16,76,29105,3
25,72,34,0,25,80,48,0,25,88,50,0,9,72,14,0,9,80,32,0,9,88,12,1,94,255,218,32,94,7,216,33,25,44,158,0,25,36,156,1,96,120,218,0,96,112,216,1,39,77,158,0,39,69,156,1,0,0,0,0,0,0,0,0,0,0,0,0,0,0,0,0,0,0,0,0,0,0,0,0,0,0,0,0,0,0,0,0,0,0,0,0,0,0,0,0,0,0,0,0,0,0,0,0,0,0,0,0,0,0,0,0,0,0,0,0,0,0,0,0,0,0,0,0,0,0,0,0,0,0,0,0,0,0,0,0,0,0,0,0,0,0,0,0,0,0,0,0,0,0,0,0,0,0,0,0,0,0,0,0,1,1,0,5,6,86,16,76,37352,3
25,72,34,0,25,80,48,0,25,88,50,0,9,72,14,0,9,80,32,0,9,88,12,1,96,86,218,0,96,78,216,1,43,9,158,0,43,1,156,1,0,33,158,0,0,25,156,1,0,55,158,0,0,47,156,1,0,0,0,0,0,0,0,0,0,0,0,0,0,0,0,0,0,0,0,0,0,0,0,0,0,0,0,0,0,0,0,0,0,0,0,0,0,0,0,0,0,0,0,0,0,0,0,0,0,0,0,0,0,0,0,0,0,0,0,0,0,0,0,0,0,0,0,0,0,0,0,0,0,0,0,0,0,0,0,0,0,0,0,0,0,0,0,0,0,0,0,0,0,0,0,0,0,0,0,0,0,0,0,0,1,1,0,5,6,225,16,76,45983,3
25,72,34,0,25,80,48,0,25,88,50,0,9,72,14,0,9,80,32,0,9,88,12,1,96,53,218,0,96,45,216,1,0,1,158,0,0,249,156,1,0,33,158,0,0,25,156,1,0,55,158,0,0,47,156,1,0,0,0,0,0,0,0,0,0,0,0,0,0,0,0,0,0,0,0,0,0,0,0,0,0,0,0,0,0,0,0,0,0,0,0,0,0,0,0,0,0,0,0,0,0,0,0,0,0,0,0,0,0,0,0,0,0,0,0,0,0,0,0,0,0,0,0,0,0,0,0,0,0,0,0,0,0,0,0,0,0,0,0,0,0,0,0,0,0,0,0,0,0,0,0,0,0,0,0,0,0,0,0,0,1,1,0,5,6,185,16,76,54422,3
25,72,34,0,25,80,48,0,25,88,50,0,9,72,14,0,9,80,32,0,9,88,12,1,80,170,202,0,80,162,198,1,96,8,218,32,96,16,216,33,0,33,158,0,0,25,156,1,0,55,158,0,0,47,156,1,0,0,0,0,0,0,0,0,0,0,0,0,0,0,0,0,0,0,0,0,0,0,0,0,0,0,0,0,0,0,0,0,0,0,0,0,0,0,0,0,0,0,0,0,0,0,0,0,0,0,0,0,0,0,0,0,0,0,0,0,0,0,0,0,0,0,0,0,0,0,0,0,0,0,0,0,0,0,0,0,0,0,0,0,0,0,0,0,0,0,0,0,0,0,0,0,0,0,0,0,0,0,0,0,1,1,0,5,6,68,16,76,63053,3
25,72,34,0,25,80,48,0,25,88,50,0,9,72,14,0,9,80,32,0,9,88,12,1,64,136,204,0,64,128,198,1,0,1,218,0,0,249,216,1,0,33,158,0,0,25,156,1,0,55,158,0,0,47,156,1,0,0,0,0,0,0,0,0,0,0,0,0,0,0,0,0,0,0,0,0,0,0,0,0,0,0,0,0,0,0,0,0,0,0,0,0,0,0,0,0,0,0,0,0,0,0,0,0,0,0,0,0,0,0,0,0,0,0,0,0,0,0,0,0,0,0,0,0,0,0,0,0,0,0,0,0,0,0,0,0,0,0,0,0,0,0,0,0,0,0,0,0,0,0,0,0,0,0,0,0,0,0,0,0,1,1,0,5,6,207,16,76,6148,3
25,72,34,0,25,80,48,0,25,88,50,0,9,72,14,0,9,80,32,0,9,88,12,1,79,103,206,0,79,95,200,1,44,167,162,0,44,159,160,1,0,33,158,0,0,25,156,1,0,55,158,0,0,47,156,1,0,0,0,0,0,0,0,0,0,0,0,0,0,0,0,0,0,0,0,0,0,0,0,0,0,0,0,0,0,0,0,0,0,0,0,0,0,0,0,0,0,0,0,0,0,0,0,0,0,0,0,0,0,0,0,0,0,0,0,0,0,0,0,0,0,0,0,0,0,0,0,0,0,0,0,0,0,0,0,0,0,0,0,0,0,0,0,0,0,0,0,0,0,0,0,0,0,0,0,0,0,0,0,0,1,1,0,5,6,90,16,76,14779,3
25,72,34,0,25,80,48,0,25,88,50,0,9,72,14,0,9,80,32,0,9,88,12,1,80,70,202,0,80,62,198,1,66,134,162,0,66,126,160,1,96,149,152,0,96,141,140,1,0,55,158,0,0,47,156,1,0,0,0,0,0,0,0,0,0,0,0,0,0,0,0,0,0,0,0,0,0,0,0,0,0,0,0,0,0,0,0,0,0,0,0,0,0,0,0,0,0,0,0,0,0,0,0,0,0,0,0,0,0,0,0,0,0,0,0,0,0,0,0,0,0,0,0,0,0,0,0,0,0,0,0,0,0,0,0,0,0,0,0,0,0,0,0,0,0,0,0,0,0,0,0,0,0,0,0,0,0,0,0,0,1,1,0,5,6,50,16,76,23218,3
25,72,34,0,25,80,48,0,25,88,50,0,9,72,14,0,9,80,32,0,9,88,12,1,74,38,204,0,74,30,198,1,79,102,158,0,79,94,156,1,96,66,154,32,96,74,142,33,96,164,196,0,96,156,192,1,0,0,0,0,0,0,0,0,0,0,0,0,0,0,0,0,0,0,0,0,0,0,0,0,0,0,0,0,0,0,0,0,0,0,0,0,0,0,0,0,0,0,0,0,0,0,0,0,0,0,0,0,0,0,0,0,0,0,0,0,0,0,0,0,0,0,0,0,0,0,0,0,0,0,0,0,0,0,0,0,0,0,0,0,0,0,0,0,0,0,0,0,0,0,0,0,0,0,0,0,0,0,0,0,1,1,0,5,6,87,16,76,31465,3
24,88,50,0,24,72,34,0,24,80,48,0,8,88,28,0,8,80,32,0,8,72,30,1,66,7,206,0,66,255,200,1,74,71,158,0,74,63,156,1,96,73,152,32,96,81,140,33,95,109,194,32,95,117,190,33,96,165,218,32,96,173,216,33,0,0,0,0,0,0,0,0,0,0,0,0,0,0,0,0,0,0,0,0,0,0,0,0,0,0,0,0,0,0,0,0,0,0,0,0,0,0,0,0,0,0,0,0,0,0,0,0,0,0,0,0,0,0,0,0,0,0,0,0,0,0,0,0,0,0,0,0,0,0,0,0,0,0,0,0,0,0,0,0,0,0,0,0,0,0,0,0,0,0,0,0,0,0,0,0,1,1,0,5,6,22,16,76,39328,3
24,88,50,0,24,72,34,0,24,80,48,0,8,88,28,0,8,80,32,0,8,72,30,1,56,42,158,0,56,34,156,1,96,89,154,0,96,81,142,1,92,100,194,32,92,108,190,33,95,136,218,32,95,144,216,33,96,173,154,0,96,165,142,1,0,0,0,0,0,0,0,0,0,0,0,0,0,0,0,0,0,0,0,0,0,0,0,0,0,0,0,0,0,0,0,0,0,0,0,0,0,0,0,0,0,0,0,0,0,0,0,0,0,0,0,0,0,0,0,0,0,0,0,0,0,0,0,0,0,0,0,0,0,0,0,0,0,0,0,0,0,0,0,0,0,0,0,0,0,0,0,0,0,0,0,0,0,0,0,0,1,1,0,5,6,111,16,76,46807,3
24,88,50,0,24,72,34,0,24,80,48,0,8,88,28,0,8,80,32,0,8,72,30,1,38,13,158,0,38,5,156,1,96,26,152,0,96,18,140,1,92,88,196,0,92,80,192,1,96,107,218,32,96,115,216,33,96,136,154,32,96,144,142,33,63,145,204,0,63,137,198,1,0,0,0,0,0,0,0,0,0,0,0,0,0,0,0,0,0,0,0,0,0,0,0,0,0,0,0,0,0,0,0,0,0,0,0,0,0,0,0,0,0,0,0,0,0,0,0,0,0,0,0,0,0,0,0,0,0,0,0,0,0,0,0,0,0,0,0,0,0,0,0,0,0,0,0,0,0,0,0,0,0,0,0,0,0,0,0,0,1,1,0,5,6,21,16,76,54094,3
25,72,34,0,25,80,48,0,25,88,50,0,9,72,14,0,9,80,32,0,9,88,12,1,94,41,196,0,94,33,192,1,96,79,218,32,96,87,216,33,96,127,152,0,96,119,140,1,64,93,206,0,64,85,200,1,0,117,206,0,0,109,200,1,0,123,206,0,0,115,200,1,0,0,0,0,0,0,0,0,0,0,0,0,0,0,0,0,0,0,0,0,0,0,0,0,0,0,0,0,0,0,0,0,0,0,0,0,0,0,0,0,0,0,0,0,0,0,0,0,0,0,0,0,0,0,0,0,0,0,0,0,0,0,0,0,0,0,0,0,0,0,0,0,0,0,0,0,0,0,0,0,0,0,0,0,0,0,0,0,1,1,0,5,6,8,16,76,61189,3
24,88,50,0,24,72,34,0,24,80,48,0,8,88,28,0,8,80,32,0,8,72,30,1,95,255,196,32,95,7,192,33,96,50,218,32,96,58,216,33,96,73,152,32,96,81,140,33,61,39,206,0,61,31,200,1,80,164,202,0,80,156,198,1,0,123,206,0,0,115,200,1,0,0,0,0,0,0,0,0,0,0,0,0,0,0,0,0,0,0,0,0,0,0,0,0,0,0,0,0,0,0,0,0,0,0,0,0,0,0,0,0,0,0,0,0,0,0,0,0,0,0,0,0,0,0,0,0,0,0,0,0,0,0,0,0,0,0,0,0,0,0,0,0,0,0,0,0,0,0,0,0,0,0,0,0,0,0,0,0,1,1,0,5,6,97,16,76,3132,3
24,88,50,0,24,72,34,0,24,80,48,0,8,88,28,0,8,80,32,0,8,72,30,1,96,20,218,32,96,28,216,33,96,57,154,32,96,65,142,33,64,134,204,0,64,126,198,1,0,142,206,0,0,134,200,1,0,144,204,0,0,136,198,1,0,123,206,0,0,115,200,1,0,0,0,0,0,0,0,0,0,0,0,0,0,0,0,0,0,0,0,0,0,0,0,0,0,0,0,0,0,0,0,0,0,0,0,0,0,0,0,0,0,0,0,0,0,0,0,0,0,0,0,0,0,0,0,0,0,0,0,0,0,0,0,0,0,0,0,0,0,0,0,0,0,0,0,0,0,0,0,0,0,0,0,0,0,0,0,0,1,1,0,5,6,109,16,76,10803,3
25,72,34,0,25,80,48,0,25,88,50,0,9,72,14,0,9,80,32,0,9,88,12,1,96,10,218,0,96,2,216,1,96,45,154,0,96,37,142,1,67,113,206,0,67,105,200,1,64,171,114,32,64,163,114,1,0,144,204,0,0,136,198,1,0,123,206,0,0,115,200,1,0,0,0,0,0,0,0,0,0,0,0,0,0,0,0,0,0,0,0,0,0,0,0,0,0,0,0,0,0,0,0,0,0,0,0,0,0,0,0,0,0,0,0,0,0,0,0,0,0,0,0,0,0,0,0,0,0,0,0,0,0,0,0,0,0,0,0,0,0,0,0,0,0,0,0,0,0,0,0,0,0,0,0,0,0,0,0,0,1,1,0,5,6,21,16,76,16170,3
24,88,50,0,24,72,34,0,24,80,48,0,8,88,28,0,8,80,32,0,8,72,30,1,34,128,158,0,34,120,156,1,96,254,152,32,96,6,140,33,80,89,202,0,80,81,198,1,64,147,114,96,64,139,114,65,0,162,116,16,0,154,100,17,0,123,206,0,0,115,200,1,0,0,0,0,0,0,0,0,0,0,0,0,0,0,0,0,0,0,0,0,0,0,0,0,0,0,0,0,0,0,0,0,0,0,0,0,0,0,0,0,0,0,0,0,0,0,0,0,0,0,0,0,0,0,0,0,0,0,0,0,0,0,0,0,0,0,0,0,0,0,0,0,0,0,0,0,0,0,0,0,0,0,0,0,0,0,0,0,1,1,0,5,6,60,16,76,22497,3
24,110,50,0,24,94,34,0,24,102,48,0,8,110,28,0,8,102,32,0,8,94,30,1,32,88,158,0,32,80,156,1,96,4,154,32,96,12,142,33,80,80,202,0,80,72,198,1,64,138,114,48,64,130,114,17,0,162,116,16,0,154,100,17,0,123,206,0,0,115,200,1,0,0,0,0,0,0,0,0,0,0,0,0,0,0,0,0,0,0,0,0,0,0,0,0,0,0,0,0,0,0,0,0,0,0,0,0,0,0,0,0,0,0,0,0,0,0,0,0,0,0,0,0,0,0,0,0,0,0,0,0,0,0,0,0,0,0,0,0,0,0,0,0,0,0,0,0,0,0,0,0,0,0,0,0,0,0,0,0,1,1,0,5,6,251,16,98,24728,3
25,126,34,0,25,134,48,0,25,142,50,0,9,126,14,0,9,134,32,0,9,142,12,1,33,56,162,0,33,48,160,1,96,3,152,0,96,251,140,1,63,80,204,0,63,72,198,1,64,138,114,96,64,130,114,65,0,162,116,16,0,154,100,17,0,123,206,0,0,115,200,1,0,0,0,0,0,0,0,0,0,0,0,0,0,0,0,0,0,0,0,0,0,0,0,0,0,0,0,0,0,0,0,0,0,0,0,0,0,0,0,0,0,0,0,0,0,0,0,0,0,0,0,0,0,0,0,0,0,0,0,0,0,0,0,0,0,0,0,0,0,0,0,0,0,0,0,0,0,0,0,0,0,0,0,0,0,0,0,0,1,1,0,5,6,32,16,130,24783,3
24,135,0,0,24,143,16,1,20,24,158,0,20,16,156,1,96,253,152,32,96,5,140,33,81,80,206,0,81,72,200,1,64,138,114,32,64,130,114,1,0,138,100,112,0,130,116,113,0,165,76,0,0,173,92,1,0,159,76,0,0,167,92,1,0,123,206,0,0,115,200,1,0,0,0,0,0,0,0,0,0,0,0,0,0,0,0,0,0,0,0,0,0,0,0,0,0,0,0,0,0,0,0,0,0,0,0,0,0,0,0,0,0,0,0,0,0,0,0,0,0,0,0,0,0,0,0,0,0,0,0,0,0,0,0,0,0,0,0,0,0,0,0,0,0,0,0,0,0,0,0,0,0,0,0,0,0,0,0,0,6,1,0,5,6,106,24,135,24791,0
25,114,34,32,25,106,48,32,25,98,50,32,9,114,14,32,9,106,32,32,9,98,12,33,74,80,204,0,74,72,198,1,64,138,116,0,64,130,100,1,0,138,114,32,0,130,114,1,0,138,114,96,0,130,114,65,0,159,76,0,0,167,92,1,0,123,206,0,0,115,200,1,0,0,0,0,0,0,0,0,0,0,0,0,0,0,0,0,0,0,0,0,0,0,0,0,0,0,0,0,0,0,0,0,0,0,0,0,0,0,0,0,0,0,0,0,0,0,0,0,0,0,0,0,0,0,0,0,0,0,0,0,0,0,0,0,0,0,0,0,0,0,0,0,0,0,0,0,0,0,0,0,0,0,0,0,0,0,0,0,6,1,0,5,6,185,16,102,24722,2
25,82,34,32,25,74,48,32,25,66,50,32,9,82,14,32,9,74,32,32,9,66,12,33,96,15,152,0,96,7,140,1,67,80,206,0,67,72,200,1,64,138,100,96,64,130,116,97,0,138,114,96,0,130,114,65,0,159,76,0,0,167,92,1,0,123,206,0,0,115,200,1,0,0,0,0,0,0,0,0,0,0,0,0,0,0,0,0,0,0,0,0,0,0,0,0,0,0,0,0,0,0,0,0,0,0,0,0,0,0,0,0,0,0,0,0,0,0,0,0,0,0,0,0,0,0,0,0,0,0,0,0,0,0,0,0,0,0,0,0,0,0,0,0,0,0,0,0,0,0,0,0,0,0,0,0,0,0,0,0,6,1,0,5,6,222,16,70,24667,2
68,112,50,0,68,96,34,0,68,104,48,0,52,112,28,0,52,104,32,0,52,96,30,1,96,255,152,32,96,7,140,33,80,80,202,0,80,72,198,1,64,138,100,112,64,130,116,113,0,138,114,96,0,130,114,65,0,159,76,0,0,167,92,1,0,123,206,0,0,115,200,1,0,0,0,0,0,0,0,0,0,0,0,0,0,0,0,0,0,0,0,0,0,0,0,0,0,0,0,0,0,0,0,0,0,0,0,0,0,0,0,0,0,0,0,0,0,0,0,0,0,0,0,0,0,0,0,0,0,0,0,0,0,0,0,0,0,0,0,0,0,0,0,0,0,0,0,0,0,0,0,0,0,0,0,0,0,0,0,0,6,1,0,5,6,80,60,100,24658,9
25,83,34,32,25,75,48,32,25,67,50,32,9,83,14,32,9,75,32,32,9,67,12,33,71,80,206,0,71,72,200,1,64,138,114,96,64,130,114,65,0,138,114,96,0,130,114,65,0,138,114,96,0,130,114,65,0,159,76,0,0,167,92,1,0,123,206,0,0,115,200,1,0,0,0,0,0,0,0,0,0,0,0,0,0,0,0,0,0,0,0,0,0,0,0,0,0,0,0,0,0,0,0,0,0,0,0,0,0,0,0,0,0,0,0,0,0,0,0,0,0,0,0,0,0,0,0,0,0,0,0,0,0,0,0,0,0,0,0,0,0,0,0,0,0,0,0,0,0,0,0,0,0,0,0,0,0,0,0,0,6,1,0,5,6,45,16,71,24795,2
73,103,34,0,73,111,48,0,73,119,50,0,57,103,14,0,57,111,32,0,57,119,12,1,96,1,154,0,96,249,142,1,80,80,202,0,80,72,198,1,64,138,100,96,64,130,116,97,0,138,114,96,0,130,114,65,0,159,76,0,0,167,92,1,0,123,206,0,0,115,200,1,0,0,0,0,0,0,0,0,0,0,0,0,0,0,0,0,0,0,0,0,0,0,0,0,0,0,0,0,0,0,0,0,0,0,0,0,0,0,0,0,0,0,0,0,0,0,0,0,0,0,0,0,0,0,0,0,0,0,0,0,0,0,0,0,0,0,0,0,0,0,0,0,0,0,0,0,0,0,0,0,0,0,0,0,0,0,0,0,6,1,0,5,6,215,64,107,24594,9
50,139,42,0,34,139,42,64,50,131,62,0,50,123,46,0,34,131,60,0,34,123,44,1,96,14,152,0,96,6,140,1,80,80,202,0,80,72,198,1,0,14,152,0,0,6,140,1,0,80,202,0,0,72,198,1,0,159,76,0,0,167,92,1,0,123,206,0,0,115,200,1,0,0,0,0,0,0,0,0,0,0,0,0,0,0,0,0,0,0,0,0,0,0,0,0,0,0,0,0,0,0,0,0,0,0,0,0,0,0,0,0,0,0,0,0,0,0,0,0,0,0,0,0,0,0,0,0,0,0,0,0,0,0,0,0,0,0,0,0,0,0,0,0,0,0,0,0,0,0,0,0,0,0,0,0,0,0,0,0,6,6,0,5,6,71,64,130,24585,9
96,40,70,0,96,48,86,1,0,23,130,1,0,150,46,0,0,158,60,0,0,150,44,1,0,101,162,1,0,67,162,1,0,99,162,1,0,65,162,1,0,0,0,0,0,0,0,0,0,0,0,0,0,0,0,0,0,0,0,0,0,0,0,0,0,0,0,0,0,0,0,0,0,0,0,0,0,0,0,0,0,0,0,0,0,0,0,0,0,0,0,0,0,0,0,0,0,0,0,0,0,0,0,0,0,0,0,0,0,0,0,0,0,0,0,0,0,0,0,0,0,0,0,0,0,0,0,0,0,0,0,0,0,0,0,0,0,0,0,0,0,0,0,0,0,0,0,0,0,0,0,0,0,0,0,0,0,0,0,0,0,1,0,5,6,156,96,40,0,9
103,68,90,1,101,63,90,1,83,58,90,1,104,40,38,0,104,48,54,0,88,40,36,0,88,48,52,1,0,67,162,1,0,99,162,1,0,65,162,1,0,0,0,0,0,0,0,0,0,0,0,0,0,0,0,0,0,0,0,0,0,0,0,0,0,0,0,0,0,0,0,0,0,0,0,0,0,0,0,0,0,0,0,0,0,0,0,0,0,0,0,0,0,0,0,0,0,0,0,0,0,0,0,0,0,0,0,0,0,0,0,0,0,0,0,0,0,0,0,0,0,0,0,0,0,0,0,0,0,0,0,0,0,0,0,0,0,0,0,0,0,0,0,0,0,0,0,0,0,0,0,0,0,0,0,0,0,0,0,0,0,1,0,5,6,156,96,40,0,0
25,36,34,0,25,44,48,0,25,52,50,0,9,36,14,0,9,44,32,0,9,52,12,1,0,48,52,1,0,67,162,1,0,99,162,1,0,65,162,1,0,0,0,0,0,0,0,0,0,0,0,0,0,0,0,0,0,0,0,0,0,0,0,0,0,0,0,0,0,0,0,0,0,0,0,0,0,0,0,0,0,0,0,0,0,0,0,0,0,0,0,0,0,0,0,0,0,0,0,0,0,0,0,0,0,0,0,0,0,0,0,0,0,0,0,0,0,0,0,0,0,0,0,0,0,0,0,0,0,0,0,0,0,0,0,0,0,0,0,0,0,0,0,0,0,0,0,0,0,0,0,0,0,0,0,0,0,0,0,0,0,1,0,5,6,214,16,40,0,4
24,52,50,0,24,36,34,0,24,44,48,0,8,52,28,0,8,44,32,0,8,36,30,1,0,48,52,1,0,67,162,1,0,99,162,1,0,65,162,1,0,0,0,0,0,0,0,0,0,0,0,0,0,0,0,0,0,0,0,0,0,0,0,0,0,0,0,0,0,0,0,0,0,0,0,0,0,0,0,0,0,0,0,0,0,0,0,0,0,0,0,0,0,0,0,0,0,0,0,0,0,0,0,0,0,0,0,0,0,0,0,0,0,0,0,0,0,0,0,0,0,0,0,0,0,0,0,0,0,0,0,0,0,0,0,0,0,0,0,0,0,0,0,0,0,0,0,0,0,0,0,0,0,0,0,0,0,0,0,0,0,1,0,5,6,93,16,40,0,4
25,72,34,0,25,80,48,0,25,88,50,0,9,72,14,0,9,80,32,0,9,88,12,1,0,48,52,1,0,67,162,1,0,99,162,1,0,65,162,1,0,0,0,0,0,0,0,0,0,0,0,0,0,0,0,0,0,0,0,0,0,0,0,0,0,0,0,0,0,0,0,0,0,0,0,0,0,0,0,0,0,0,0,0,0,0,0,0,0,0,0,0,0,0,0,0,0,0,0,0,0,0,0,0,0,0,0,0,0,0,0,0,0,0,0,0,0,0,0,0,0,0,0,0,0,0,0,0,0,0,0,0,0,0,0,0,0,0,0,0,0,0,0,0,0,0,0,0,0,0,0,0,0,0,0,0,0,0,0,0,0,1,0,5,6,143,16,76,10200,3
24,88,50,0,24,72,34,0,24,80,48,0,8,88,28,0,8,80,32,0,8,72,30,1,0,48,52,1,0,67,162,1,0,99,162,1,0,65,162,1,0,0,0,0,0,0,0,0,0,0,0,0,0,0,0,0,0,0,0,0,0,0,0,0,0,0,0,0,0,0,0,0,0,0,0,0,0,0,0,0,0,0,0,0,0,0,0,0,0,0,0,0,0,0,0,0,0,0,0,0,0,0,0,0,0,0,0,0,0,0,0,0,0,0,0,0,0,0,0,0,0,0,0,0,0,0,0,0,0,0,0,0,0,0,0,0,0,0,0,0,0,0,0,0,0,0,0,0,0,0,0,0,0,0,0,0,0,0,0,0,1,1,0,5,6,203,16,76,12153,8
24,88,50,0,24,72,34,0,24,80,48,0,8,88,28,0,8,80,32,0,8,72,30,1,96,164,152,0,96,156,140,1,0,99,162,1,0,65,162,1,0,0,0,0,0,0,0,0,0,0,0,0,0,0,0,0,0,0,0,0,0,0,0,0,0,0,0,0,0,0,0,0,0,0,0,0,0,0,0,0,0,0,0,0,0,0,0,0,0,0,0,0,0,0,0,0,0,0,0,0,0,0,0,0,0,0,0,0,0,0,0,0,0,0,0,0,0,0,0,0,0,0,0,0,0,0,0,0,0,0,0,0,0,0,0,0,0,0,0,0,0,0,0,0,0,0,0,0,0,0,0,0,0,0,0,0,0,0,0,0,1,1,0,5,6,34,16,76,20625,3
24,88,50,0,24,72,34,0,24,80,48,0,8,88,28,0,8,80,32,0,8,72,30,1,96,115,154,0,96,107,142,1,96,158,154,0,96,150,142,1,0,0,0,0,0,0,0,0,0,0,0,0,0,0,0,0,0,0,0,0,0,0,0,0,0,0,0,0,0,0,0,0,0,0,0,0,0,0,0,0,0,0,0,0,0,0,0,0,0,0,0,0,0,0,0,0,0,0,0,0,0,0,0,0,0,0,0,0,0,0,0,0,0,0,0,0,0,0,0,0,0,0,0,0,0,0,0,0,0,0,0,0,0,0,0,0,0,0,0,0,0,0,0,0,0,0,0,0,0,0,0,0,0,0,0,0,0,0,0,0,1,1,0,5,6,121,16,76,30024,3
24,88,50,0,24,72,34,0,24,80,48,0,8,88,28,0,8,80,32,0,8,72,30,1,96,67,152,0,96,59,140,1,96,110,152,0,96,102,140,1,0,0,0,0,0,0,0,0,0,0,0,0,0,0,0,0,0,0,0,0,0,0,0,0,0,0,0,0,0,0,0,0,0,0,0,0,0,0,0,0,0,0,0,0,0,0,0,0,0,0,0,0,0,0,0,0,0,0,0,0,0,0,0,0,0,0,0,0,0,0,0,0,0,0,0,0,0,0,0,0,0,0,0,0,0,0,0,0,0,0,0,0,0,0,0,0,0,0,0,0,0,0,0,0,0,0,0,0,0,0,0,0,0,0,0,0,0,0,0,0,1,1,0,5,6,29,16,76,39231,3
24,88,50,0,24,72,34,0,24,80,48,0,8,88,28,0,8,80,32,0,8,72,30,1,96,19,154,0,96,11,142,1,96,62,154,0,96,54,142,1,80,138,154,32,80,146,142,33,47,154,204,0,47,146,198,1,0,0,0,0,0,0,0,0,0,0,0,0,0,0,0,0,0,0,0,0,0,0,0,0,0,0,0,0,0,0,0,0,0,0,0,0,0,0,0,0,0,0,0,0,0,0,0,0,0,0,0,0,0,0,0,0,0,0,0,0,0,0,0,0,0,0,0,0,0,0,0,0,0,0,0,0,0,0,0,0,0,0,0,0,0,0,0,0,0,0,0,0,0,0,0,0,0,0,0,0,0,0,0,0,1,1,0,5,6,193,16,76,48438,3
24,88,50,0,24,72,34,0,24,80,48,0,8,88,28,0,8,80,32,0,8,72,30,1,96,15,152,0,96,7,140,1,80,126,152,0,80,118,140,1,47,91,206,0,47,83,200,1,0,128,206,0,0,120,200,1,0,0,0,0,0,0,0,0,0,0,0,0,0,0,0,0,0,0,0,0,0,0,0,0,0,0,0,0,0,0,0,0,0,0,0,0,0,0,0,0,0,0,0,0,0,0,0,0,0,0,0,0,0,0,0,0,0,0,0,0,0,0,0,0,0,0,0,0,0,0,0,0,0,0,0,0,0,0,0,0,0,0,0,0,0,0,0,0,0,0,0,0,0,0,0,0,0,0,0,0,0,0,0,0,1,1,0,5,6,178,16,76,57453,3
24,88,50,0,24,72,34,0,24,80,48,0,8,88,28,0,8,80,32,0,8,72,30,1,80,64,152,32,80,72,140,33,44,19,206,0,44,11,200,1,69,139,206,0,69,131,200,1,0,165,202,0,0,157,198,1,0,0,0,0,0,0,0,0,0,0,0,0,0,0,0,0,0,0,0,0,0,0,0,0,0,0,0,0,0,0,0,0,0,0,0,0,0,0,0,0,0,0,0,0,0,0,0,0,0,0,0,0,0,0,0,0,0,0,0,0,0,0,0,0,0,0,0,0,0,0,0,0,0,0,0,0,0,0,0,0,0,0,0,0,0,0,0,0,0,0,0,0,0,0,0,0,0,0,0,0,0,0,0,0,1,1,0,5,6,9,16,76,1316,3
24,88,50,0,24,72,34,0,24,80,48,0,8,88,28,0,8,80,32,0,8,72,30,1,80,53,152,0,80,45,140,1,79,103,206,0,79,95,200,1,0,128,206,0,0,120,200,1,0,165,202,0,0,157,198,1,0,0,0,0,0,0,0,0,0,0,0,0,0,0,0,0,0,0,0,0,0,0,0,0,0,0,0,0,0,0,0,0,0,0,0,0,0,0,0,0,0,0,0,0,0,0,0,0,0,0,0,0,0,0,0,0,0,0,0,0,0,0,0,0,0,0,0,0,0,0,0,0,0,0,0,0,0,0,0,0,0,0,0,0,0,0,0,0,0,0,0,0,0,0,0,0,0,0,0,0,0,0,0,0,1,1,0,5,6,96,16,76,10715,3
24,88,50,0,24,72,34,0,24,80,48,0,8,88,28,0,8,80,32,0,8,72,30,1,80,67,202,0,80,59,198,1,0,68,202,0,0,60,198,1,0,128,206,0,0,120,200,1,0,165,202,0,0,157,198,1,0,0,0,0,0,0,0,0,0,0,0,0,0,0,0,0,0,0,0,0,0,0,0,0,0,0,0,0,0,0,0,0,0,0,0,0,0,0,0,0,0,0,0,0,0,0,0,0,0,0,0,0,0,0,0,0,0,0,0,0,0,0,0,0,0,0,0,0,0,0,0,0,0,0,0,0,0,0,0,0,0,0,0,0,0,0,0,0,0,0,0,0,0,0,0,0,0,0,0,0,0,0,0,0,1,1,0,5,6,81,16,76,19730,3
24,88,50,0,24,72,34,0,24,80,48,0,8,88,28,0,8,80,32,0,8,72,30,1,60,143,158,0,60,135,156,1,96,148,152,32,96,156,140,33,68,31,206,0,68,23,200,1,0,165,202,0,0,157,198,1,0,0,0,0,0,0,0,0,0,0,0,0,0,0,0,0,0,0,0,0,0,0,0,0,0,0,0,0,0,0,0,0,0,0,0,0,0,0,0,0,0,0,0,0,0,0,0,0,0,0,0,0,0,0,0,0,0,0,0,0,0,0,0,0,0,0,0,0,0,0,0,0,0,0,0,0,0,0,0,0,0,0,0,0,0,0,0,0,0,0,0,0,0,0,0,0,0,0,0,0,0,0,0,0,1,1,0,5,6,168,16,76,29129,3
24,88,50,0,24,72,34,0,24,80,48,0,8,88,28,0,8,80,32,0,8,72,30,1,78,107,162,0,78,99,160,1,96,137,152,0,96,129,140,1,0,0,206,0,0,248,200,1,0,165,202,0,0,157,198,1,0,0,0,0,0,0,0,0,0,0,0,0,0,0,0,0,0,0,0,0,0,0,0,0,0,0,0,0,0,0,0,0,0,0,0,0,0,0,0,0,0,0,0,0,0,0,0,0,0,0,0,0,0,0,0,0,0,0,0,0,0,0,0,0,0,0,0,0,0,0,0,0,0,0,0,0,0,0,0,0,0,0,0,0,0,0,0,0,0,0,0,0,0,0,0,0,0,0,0,0,0,0,0,0,1,1,0,5,6,76,16,76,38336,3
24,88,50,0,24,72,34,0,24,80,48,0,8,88,28,0,8,80,32,0,8,72,30,1,73,70,158,0,73,62,156,1,96,75,152,32,96,83,140,33,0,0,206,0,0,248,200,1,0,165,202,0,0,157,198,1,0,0,0,0,0,0,0,0,0,0,0,0,0,0,0,0,0,0,0,0,0,0,0,0,0,0,0,0,0,0,0,0,0,0,0,0,0,0,0,0,0,0,0,0,0,0,0,0,0,0,0,0,0,0,0,0,0,0,0,0,0,0,0,0,0,0,0,0,0,0,0,0,0,0,0,0,0,0,0,0,0,0,0,0,0,0,0,0,0,0,0,0,0,0,0,0,0,0,0,0,0,0,0,0,1,1,0,5,6,163,16,76,47735,3
24,88,50,0,24,72,34,0,24,80,48,0,8,88,28,0,8,80,32,0,8,72,30,1,51,33,162,0,51,25,160,1,96,63,152,0,96,55,140,1,0,0,206,0,0,248,200,1,0,165,202,0,0,157,198,1,0,0,0,0,0,0,0,0,0,0,0,0,0,0,0,0,0,0,0,0,0,0,0,0,0,0,0,0,0,0,0,0,0,0,0,0,0,0,0,0,0,0,0,0,0,0,0,0,0,0,0,0,0,0,0,0,0,0,0,0,0,0,0,0,0,0,0,0,0,0,0,0,0,0,0,0,0,0,0,0,0,0,0,0,0,0,0,0,0,0,0,0,0,0,0,0,0,0,0,0,0,0,0,0,1,1,0,5,6,250,16,76,57134,3
24,88,50,0,24,72,34,0,24,80,48,0,8,88,28,0,8,80,32,0,8,72,30,1,96,3,152,32,96,11,140,33,94,160,218,0,94,152,216,1,0,163,218,0,0,155,216,1,0,165,202,0,0,157,198,1,0,0,0,0,0,0,0,0,0,0,0,0,0,0,0,0,0,0,0,0,0,0,0,0,0,0,0,0,0,0,0,0,0,0,0,0,0,0,0,0,0,0,0,0,0,0,0,0,0,0,0,0,0,0,0,0,0,0,0,0,0,0,0,0,0,0,0,0,0,0,0,0,0,0,0,0,0,0,0,0,0,0,0,0,0,0,0,0,0,0,0,0,0,0,0,0,0,0,0,0,0,0,0,0,1,1,0,5,6,81,16,76,997,3
24,88,50,0,24,72,34,0,24,80,48,0,8,88,28,0,8,80,32,0,8,72,30,1,96,119,218,0,96,111,216,1,0,137,218,32,0,145,216,33,0,163,218,0,0,155,216,1,0,165,202,0,0,157,198,1,0,0,0,0,0,0,0,0,0,0,0,0,0,0,0,0,0,0,0,0,0,0,0,0,0,0,0,0,0,0,0,0,0,0,0,0,0,0,0,0,0,0,0,0,0,0,0,0,0,0,0,0,0,0,0,0,0,0,0,0,0,0,0,0,0,0,0,0,0,0,0,0,0,0,0,0,0,0,0,0,0,0,0,0,0,0,0,0,0,0,0,0,0,0,0,0,0,0,0,0,0,0,0,0,1,1,0,5,6,245,16,76,10204,3
24,88,50,0,24,72,34,0,24,80,48,0,8,88,28,0,8,80,32,0,8,72,30,1,94,68,218,32,94,76,216,33,0,137,218,32,0,145,216,33,0,163,218,0,0,155,216,1,0,165,202,0,0,157,198,1,0,0,0,0,0,0,0,0,0,0,0,0,0,0,0,0,0,0,0,0,0,0,0,0,0,0,0,0,0,0,0,0,0,0,0,0,0,0,0,0,0,0,0,0,0,0,0,0,0,0,0,0,0,0,0,0,0,0,0,0,0,0,0,0,0,0,0,0,0,0,0,0,0,0,0,0,0,0,0,0,0,0,0,0,0,0,0,0,0,0,0,0,0,0,0,0,0,0,0,0,0,0,0,0,1,1,0,5,6,153,16,76,19411,3
25,72,34,0,25,80,48,0,25,88,50,0,9,72,14,0,9,80,32,0,9,88,12,1,91,31,218,32,91,39,216,33,36,117,158,0,36,109,156,1,96,145,218,32,96,153,216,33,38,149,158,0,38,141,156,1,0,0,0,0,0,0,0,0,0,0,0,0,0,0,0,0,0,0,0,0,0,0,0,0,0,0,0,0,0,0,0,0,0,0,0,0,0,0,0,0,0,0,0,0,0,0,0,0,0,0,0,0,0,0,0,0,0,0,0,0,0,0,0,0,0,0,0,0,0,0,0,0,0,0,0,0,0,0,0,0,0,0,0,0,0,0,0,0,0,0,0,0,0,0,0,0,0,0,0,0,0,0,0,0,1,1,0,5,6,36,16,76,28042,3
24,88,50,0,24,72,34,0,24,80,48,0,8,88,28,0,8,80,32,0,8,72,30,1,94,255,218,32,94,7,216,33,46,45,162,0,46,37,160,1,96,120,218,0,96,112,216,1,33,77,158,0,33,69,156,1,0,0,0,0,0,0,0,0,0,0,0,0,0,0,0,0,0,0,0,0,0,0,0,0,0,0,0,0,0,0,0,0,0,0,0,0,0,0,0,0,0,0,0,0,0,0,0,0,0,0,0,0,0,0,0,0,0,0,0,0,0,0,0,0,0,0,0,0,0,0,0,0,0,0,0,0,0,0,0,0,0,0,0,0,0,0,0,0,0,0,0,0,0,0,0,0,0,0,0,0,0,0,0,0,1,1,0,5,6,200,16,76,37249,3
24,88,50,0,24,72,34,0,24,80,48,0,8,88,28,0,8,80,32,0,8,72,30,1,96,84,218,0,96,76,216,1,43,5,162,0,43,253,160,1,0,32,158,0,0,24,156,1,0,54,162,0,0,46,160,1,0,0,0,0,0,0,0,0,0,0,0,0,0,0,0,0,0,0,0,0,0,0,0,0,0,0,0,0,0,0,0,0,0,0,0,0,0,0,0,0,0,0,0,0,0,0,0,0,0,0,0,0,0,0,0,0,0,0,0,0,0,0,0,0,0,0,0,0,0,0,0,0,0,0,0,0,0,0,0,0,0,0,0,0,0,0,0,0,0,0,0,0,0,0,0,0,0,0,0,0,0,0,0,0,1,1,0,5,6,108,16,76,46456,3
24,88,50,0,24,72,34,0,24,80,48,0,8,88,28,0,8,80,32,0,8,72,30,1,96,38,218,32,96,46,216,33,0,0,162,0,0,248,160,1,0,32,158,0,0,24,156,1,0,54,162,0,0,46,160,1,0,0,0,0,0,0,0,0,0,0,0,0,0,0,0,0,0,0,0,0,0,0,0,0,0,0,0,0,0,0,0,0,0,0,0,0,0,0,0,0,0,0,0,0,0,0,0,0,0,0,0,0,0,0,0,0,0,0,0,0,0,0,0,0,0,0,0,0,0,0,0,0,0,0,0,0,0,0,0,0,0,0,0,0,0,0,0,0,0,0,0,0,0,0,0,0,0,0,0,0,0,0,0,0,1,1,0,5,6,93,16,76,55471,3
24,88,50,0,24,72,34,0,24,80,48,0,8,88,28,0,8,80,32,0,8,72,30,1,80,163,202,0,80,155,198,1,96,1,218,32,96,9,216,33,0,32,158,0,0,24,156,1,0,54,162,0,0,46,160,1,0,0,0,0,0,0,0,0,0,0,0,0,0,0,0,0,0,0,0,0,0,0,0,0,0,0,0,0,0,0,0,0,0,0,0,0,0,0,0,0,0,0,0,0,0,0,0,0,0,0,0,0,0,0,0,0,0,0,0,0,0,0,0,0,0,0,0,0,0,0,0,0,0,0,0,0,0,0,0,0,0,0,0,0,0,0,0,0,0,0,0,0,0,0,0,0,0,0,0,0,0,0,0,0,1,1,0,5,6,180,16,76,64870,3
24,88,50,0,24,72,34,0,24,80,48,0,8,88,28,0,8,80,32,0,8,72,30,1,64,126,206,0,64,118,200,1,0,1,218,0,0,249,216,1,0,32,158,0,0,24,156,1,0,54,162,0,0,46,160,1,0,0,0,0,0,0,0,0,0,0,0,0,0,0,0,0,0,0,0,0,0,0,0,0,0,0,0,0,0,0,0,0,0,0,0,0,0,0,0,0,0,0,0,0,0,0,0,0,0,0,0,0,0,0,0,0,0,0,0,0,0,0,0,0,0,0,0,0,0,0,0,0,0,0,0,0,0,0,0,0,0,0,0,0,0,0,0,0,0,0,0,0,0,0,0,0,0,0,0,0,0,0,0,0,1,1,0,5,6,11,16,76,8733,3
24,88,50,0,24,72,34,0,24,80,48,0,8,88,28,0,8,80,32,0,8,72,30,1,80,90,202,0,80,82,198,1,53,154,162,0,53,146,160,1,0,32,158,0,0,24,156,1,0,54,162,0,0,46,160,1,0,0,0,0,0,0,0,0,0,0,0,0,0,0,0,0,0,0,0,0,0,0,0,0,0,0,0,0,0,0,0,0,0,0,0,0,0,0,0,0,0,0,0,0,0,0,0,0,0,0,0,0,0,0,0,0,0,0,0,0,0,0,0,0,0,0,0,0,0,0,0,0,0,0,0,0,0,0,0,0,0,0,0,0,0,0,0,0,0,0,0,0,0,0,0,0,0,0,0,0,0,0,0,0,1,1,0,5,6,98,16,76,18132,3
24,88,50,0,24,72,34,0,24,80,48,0,8,88,28,0,8,80,32,0,8,72,30,1,80,54,202,0,80,46,198,1,74,118,158,0,74,110,156,1,96,106,152,0,96,98,140,1,0,54,162,0,0,46,160,1,0,0,0,0,0,0,0,0,0,0,0,0,0,0,0,0,0,0,0,0,0,0,0,0,0,0,0,0,0,0,0,0,0,0,0,0,0,0,0,0,0,0,0,0,0,0,0,0,0,0,0,0,0,0,0,0,0,0,0,0,0,0,0,0,0,0,0,0,0,0,0,0,0,0,0,0,0,0,0,0,0,0,0,0,0,0,0,0,0,0,0,0,0,0,0,0,0,0,0,0,0,0,0,0,1,1,0,5,6,83,16,76,27147,3
25,72,34,0,25,80,48,0,25,88,50,0,9,72,14,0,9,80,32,0,9,88,12,1,64,21,206,0,64,13,200,1,78,85,158,0,78,77,156,1,96,64,152,32,96,72,140,33,95,135,194,0,95,127,190,1,0,0,0,0,0,0,0,0,0,0,0,0,0,0,0,0,0,0,0,0,0,0,0,0,0,0,0,0,0,0,0,0,0,0,0,0,0,0,0,0,0,0,0,0,0,0,0,0,0,0,0,0,0,0,0,0,0,0,0,0,0,0,0,0,0,0,0,0,0,0,0,0,0,0,0,0,0,0,0,0,0,0,0,0,0,0,0,0,0,0,0,0,0,0,0,0,0,0,0,0,0,0,0,0,1,1,0,5,6,222,16,76,35778,3
25,72,34,0,25,80,48,0,25,88,50,0,9,72,14,0,9,80,32,0,9,88,12,1,64,53,158,0,64,45,156,1,96,85,152,32,96,93,140,33,94,103,196,32,94,111,192,33,96,158,218,0,96,150,216,1,0,169,218,0,0,161,216,1,0,0,0,0,0,0,0,0,0,0,0,0,0,0,0,0,0,0,0,0,0,0,0,0,0,0,0,0,0,0,0,0,0,0,0,0,0,0,0,0,0,0,0,0,0,0,0,0,0,0,0,0,0,0,0,0,0,0,0,0,0,0,0,0,0,0,0,0,0,0,0,0,0,0,0,0,0,0,0,0,0,0,0,0,0,0,0,0,0,0,0,0,0,0,0,0,1,1,0,5,6,80,16,76,43833,3
25,72,34,0,25,80,48,0,25,88,50,0,9,72,14,0,9,80,32,0,9,88,12,1,42,21,162,0,42,13,160,1,96,47,152,0,96,39,140,1,96,93,196,32,96,101,192,33,96,116,218,32,96,124,216,33,96,139,152,32,96,147,140,33,65,159,206,0,65,151,200,1,0,0,0,0,0,0,0,0,0,0,0,0,0,0,0,0,0,0,0,0,0,0,0,0,0,0,0,0,0,0,0,0,0,0,0,0,0,0,0,0,0,0,0,0,0,0,0,0,0,0,0,0,0,0,0,0,0,0,0,0,0,0,0,0,0,0,0,0,0,0,0,0,0,0,0,0,0,0,0,0,0,0,0,0,0,0,0,0,1,8,0,5,6,117,16,76,52080,3
25,72,34,0,25,80,48,0,25,88,50,0,9,72,14,0,9,80,32,0,9,88,12,1,95,49,194,0,95,41,190,1,95,84,218,32,95,92,216,33,96,134,152,0,96,126,140,1,64,100,204,0,64,92,198,1,0,117,206,0,0,109,200,1,0,125,206,0,0,117,200,1,0,0,0,0,0,0,0,0,0,0,0,0,0,0,0,0,0,0,0,0,0,0,0,0,0,0,0,0,0,0,0,0,0,0,0,0,0,0,0,0,0,0,0,0,0,0,0,0,0,0,0,0,0,0,0,0,0,0,0,0,0,0,0,0,0,0,0,0,0,0,0,0,0,0,0,0,0,0,0,0,0,0,0,0,0,0,0,0,1,1,0,5,6,211,16,76,60144,3
24,88,50,0,24,72,34,0,24,80,48,0,8,88,28,0,8,80,32,0,8,72,30,1,91,0,194,32,91,8,190,33,96,54,218,32,96,62,216,33,96,87,154,0,96,79,142,1,63,46,204,0,63,38,198,1,80,168,202,0,80,160,198,1,0,125,206,0,0,117,200,1,0,0,0,0,0,0,0,0,0,0,0,0,0,0,0,0,0,0,0,0,0,0,0,0,0,0,0,0,0,0,0,0,0,0,0,0,0,0,0,0,0,0,0,0,0,0,0,0,0,0,0,0,0,0,0,0,0,0,0,0,0,0,0,0,0,0,0,0,0,0,0,0,0,0,0,0,0,0,0,0,0,0,0,0,0,0,0,0,1,1,0,5,6,44,16,76,2087,3
25,72,34,0,25,80,48,0,25,88,50,0,9,72,14,0,9,80,32,0,9,88,12,1,96,22,218,32,96,30,216,33,96,57,154,32,96,65,142,33,64,136,204,0,64,128,198,1,0,141,206,0,0,133,200,1,0,144,204,0,0,136,198,1,0,125,206,0,0,117,200,1,0,0,0,0,0,0,0,0,0,0,0,0,0,0,0,0,0,0,0,0,0,0,0,0,0,0,0,0,0,0,0,0,0,0,0,0,0,0,0,0,0,0,0,0,0,0,0,0,0,0,0,0,0,0,0,0,0,0,0,0,0,0,0,0,0,0,0,0,0,0,0,0,0,0,0,0,0,0,0,0,0,0,0,0,0,0,0,0,1,1,0,5,6,81,16,76,10334,3
24,88,50,0,24,72,34,0,24,80,48,0,8,88,28,0,8,80,32,0,8,72,30,1,35,175,158,0,35,167,156,1,96,9,218,0,96,1,216,1,67,113,206,0,67,105,200,1,64,171,114,32,64,163,114,1,0,144,204,0,0,136,198,1,0,125,206,0,0,117,200,1,0,0,0,0,0,0,0,0,0,0,0,0,0,0,0,0,0,0,0,0,0,0,0,0,0,0,0,0,0,0,0,0,0,0,0,0,0,0,0,0,0,0,0,0,0,0,0,0,0,0,0,0,0,0,0,0,0,0,0,0,0,0,0,0,0,0,0,0,0,0,0,0,0,0,0,0,0,0,0,0,0,0,0,0,0,0,0,0,1,8,0,5,6,197,16,76,16469,3
24,88,50,0,24,72,34,0,24,80,48,0,8,88,28,0,8,80,32,0,8,72,30,1,36,119,158,0,36,111,156,1,96,248,152,32,96,0,140,33,80,84,202,0,80,76,198,1,64,142,114,96,64,134,114,65,0,162,116,16,0,154,100,17,0,125,206,0,0,117,200,1,0,0,0,0,0,0,0,0,0,0,0,0,0,0,0,0,0,0,0,0,0,0,0,0,0,0,0,0,0,0,0,0,0,0,0,0,0,0,0,0,0,0,0,0,0,0,0,0,0,0,0,0,0,0,0,0,0,0,0,0,0,0,0,0,0,0,0,0,0,0,0,0,0,0,0,0,0,0,0,0,0,0,0,0,0,0,0,0,1,1,0,5,6,87,16,76,23765,3
25,102,34,0,25,110,48,0,25,118,50,0,9,102,14,0,9,110,32,0,9,118,12,1,36,81,162,0,36,73,160,1,96,15,152,0,96,7,140,1,80,80,202,0,80,72,198,1,64,138,116,0,64,130,100,1,0,162,116,16,0,154,100,17,0,125,206,0,0,117,200,1,0,0,0,0,0,0,0,0,0,0,0,0,0,0,0,0,0,0,0,0,0,0,0,0,0,0,0,0,0,0,0,0,0,0,0,0,0,0,0,0,0,0,0,0,0,0,0,0,0,0,0,0,0,0,0,0,0,0,0,0,0,0,0,0,0,0,0,0,0,0,0,0,0,0,0,0,0,0,0,0,0,0,0,0,0,0,0,0,1,1,0,5,6,226,16,106,24716,3
24,126,50,0,24,110,34,0,24,118,48,0,8,126,28,0,8,118,32,0,8,110,30,1,13,21,158,0,13,13,156,1,96,255,152,32,96,7,140,33,80,80,202,0,80,72,198,1,64,138,116,0,64,130,100,1,0,162,116,16,0,154,100,17,0,125,206,0,0,117,200,1,0,0,0,0,0,0,0,0,0,0,0,0,0,0,0,0,0,0,0,0,0,0,0,0,0,0,0,0,0,0,0,0,0,0,0,0,0,0,0,0,0,0,0,0,0,0,0,0,0,0,0,0,0,0,0,0,0,0,0,0,0,0,0,0,0,0,0,0,0,0,0,0,0,0,0,0,0,0,0,0,0,0,0,0,0,0,0,0,6,1,0,5,6,230,16,114,24621,4
24,157,50,0,24,141,34,0,24,149,48,0,8,157,28,0,8,149,32,0,8,141,30,1,96,6,152,0,96,254,140,1,80,80,202,0,80,72,198,1,64,138,100,96,64,130,116,97,0,138,114,96,0,130,114,65,0,162,116,16,0,154,100,17,0,125,206,0,0,117,200,1,0,0,0,0,0,0,0,0,0,0,0,0,0,0,0,0,0,0,0,0,0,0,0,0,0,0,0,0,0,0,0,0,0,0,0,0,0,0,0,0,0,0,0,0,0,0,0,0,0,0,0,0,0,0,0,0,0,0,0,0,0,0,0,0,0,0,0,0,0,0,0,0,0,0,0,0,0,0,0,0,0,0,0,0,0,0,0,0,6,1,0,5,6,215,16,145,24773,3
73,114,34,32,73,106,48,32,73,98,50,32,57,114,14,32,57,106,32,32,57,98,12,33,96,14,152,0,96,6,140,1,70,80,206,0,70,72,200,1,64,138,100,96,64,130,116,97,0,138,114,96,0,130,114,65,0,162,116,16,0,154,100,17,0,125,206,0,0,117,200,1,0,0,0,0,0,0,0,0,0,0,0,0,0,0,0,0,0,0,0,0,0,0,0,0,0,0,0,0,0,0,0,0,0,0,0,0,0,0,0,0,0,0,0,0,0,0,0,0,0,0,0,0,0,0,0,0,0,0,0,0,0,0,0,0,0,0,0,0,0,0,0,0,0,0,0,0,0,0,0,0,0,0,0,0,0,0,0,0,6,1,0,5,6,89,64,102,24687,1
75,82,34,32,75,74,48,32,75,66,50,32,59,82,14,32,59,74,32,32,59,66,12,33,80,80,202,0,80,72,198,1,64,138,116,0,64,130,100,1,0,138,116,0,0,130,100,1,0,138,114,96,0,130,114,65,0,162,116,16,0,154,100,17,0,125,206,0,0,117,200,1,0,0,0,0,0,0,0,0,0,0,0,0,0,0,0,0,0,0,0,0,0,0,0,0,0,0,0,0,0,0,0,0,0,0,0,0,0,0,0,0,0,0,0,0,0,0,0,0,0,0,0,0,0,0,0,0,0,0,0,0,0,0,0,0,0,0,0,0,0,0,0,0,0,0,0,0,0,0,0,0,0,0,0,0,0,0,0,0,6,1,0,5,6,229,66,70,24632,1
25,107,34,0,25,115,48,0,25,123,50,0,9,107,14,0,9,115,32,0,9,123,12,1,65,80,206,0,65,72,200,1,64,138,114,112,64,130,114,81,0,138,114,96,0,130,114,65,0,138,114,96,0,130,114,65,0,162,116,16,0,154,100,17,0,125,206,0,0,117,200,1,0,0,0,0,0,0,0,0,0,0,0,0,0,0,0,0,0,0,0,0,0,0,0,0,0,0,0,0,0,0,0,0,0,0,0,0,0,0,0,0,0,0,0,0,0,0,0,0,0,0,0,0,0,0,0,0,0,0,0,0,0,0,0,0,0,0,0,0,0,0,0,0,0,0,0,0,0,0,0,0,0,0,0,0,0,0,0,0,6,1,0,5,6,253,16,111,24687,3
25,145,34,0,25,153,48,0,25,161,50,0,9,145,14,0,9,153,32,0,9,161,12,1,96,13,152,0,96,5,140,1,80,80,202,0,80,72,198,1,64,138,114,32,64,130,114,1,0,138,114,96,0,130,114,65,0,162,116,16,0,154,100,17,0,125,206,0,0,117,200,1,0,0,0,0,0,0,0,0,0,0,0,0,0,0,0,0,0,0,0,0,0,0,0,0,0,0,0,0,0,0,0,0,0,0,0,0,0,0,0,0,0,0,0,0,0,0,0,0,0,0,0,0,0,0,0,0,0,0,0,0,0,0,0,0,0,0,0,0,0,0,0,0,0,0,0,0,0,0,0,0,0,0,0,0,0,0,0,0,6,1,0,5,6,186,16,149,24742,3
73,104,34,32,73,96,48,32,73,88,50,32,57,104,14,32,57,96,32,32,57,88,12,33,96,0,152,32,96,8,140,33,64,80,206,0,64,72,200,1,64,138,116,0,64,130,100,1,0,130,114,65,0,130,114,65,0,162,116,16,0,154,100,17,0,125,206,0,0,117,200,1,0,0,0,0,0,0,0,0,0,0,0,0,0,0,0,0,0,0,0,0,0,0,0,0,0,0,0,0,0,0,0,0,0,0,0,0,0,0,0,0,0,0,0,0,0,0,0,0,0,0,0,0,0,0,0,0,0,0,0,0,0,0,0,0,0,0,0,0,0,0,0,0,0,0,0,0,0,0,0,0,0,0,0,0,0,0,0,0,6,1,0,5,6,144,64,92,24628,6
72,142,42,0,56,142,42,64,72,134,62,0,72,126,46,0,56,134,60,0,56,126,44,1,47,122,130,1,47,145,130,1,60,115,130,1,60,152,130,1,96,251,154,32,96,3,142,33,80,80,202,0,80,72,198,1,0,162,116,16,0,154,100,17,0,125,206,0,0,117,200,1,0,0,0,0,0,0,0,0,0,0,0,0,0,0,0,0,0,0,0,0,0,0,0,0,0,0,0,0,0,0,0,0,0,0,0,0,0,0,0,0,0,0,0,0,0,0,0,0,0,0,0,0,0,0,0,0,0,0,0,0,0,0,0,0,0,0,0,0,0,0,0,0,0,0,0,0,0,0,0,0,0,0,0,0,0,0,0,0,6,6,0,5,6,108,64,130,24619,7
90,60,90,1,76,83,90,1,91,57,90,1,104,40,38,0,104,48,54,0,88,40,36,0,88,48,52,1,0,67,162,1,0,99,162,1,0,65,162,1,0,0,0,0,0,0,0,0,0,0,0,0,0,0,0,0,0,0,0,0,0,0,0,0,0,0,0,0,0,0,0,0,0,0,0,0,0,0,0,0,0,0,0,0,0,0,0,0,0,0,0,0,0,0,0,0,0,0,0,0,0,0,0,0,0,0,0,0,0,0,0,0,0,0,0,0,0,0,0,0,0,0,0,0,0,0,0,0,0,0,0,0,0,0,0,0,0,0,0,0,0,0,0,0,0,0,0,0,0,0,0,0,0,0,0,0,0,0,0,0,0,1,0,5,6,156,96,40,0,0
96,40,2,0,96,48,18,1,0,44,130,1,0,48,52,1,0,48,54,0,0,40,36,0,0,48,52,1,0,67,162,1,0,99,162,1,0,65,162,1,0,0,0,0,0,0,0,0,0,0,0,0,0,0,0,0,0,0,0,0,0,0,0,0,0,0,0,0,0,0,0,0,0,0,0,0,0,0,0,0,0,0,0,0,0,0,0,0,0,0,0,0,0,0,0,0,0,0,0,0,0,0,0,0,0,0,0,0,0,0,0,0,0,0,0,0,0,0,0,0,0,0,0,0,0,0,0,0,0,0,0,0,0,0,0,0,0,0,0,0,0,0,0,0,0,0,0,0,0,0,0,0,0,0,0,0,0,0,0,0,0,1,0,5,6,87,96,40,0,8
98,55,90,1,93,69,90,1,105,73,90,1,104,40,38,0,104,48,54,0,88,40,36,0,88,48,52,1,0,67,162,1,0,99,162,1,0,65,162,1,0,0,0,0,0,0,0,0,0,0,0,0,0,0,0,0,0,0,0,0,0,0,0,0,0,0,0,0,0,0,0,0,0,0,0,0,0,0,0,0,0,0,0,0,0,0,0,0,0,0,0,0,0,0,0,0,0,0,0,0,0,0,0,0,0,0,0,0,0,0,0,0,0,0,0,0,0,0,0,0,0,0,0,0,0,0,0,0,0,0,0,0,0,0,0,0,0,0,0,0,0,0,0,0,0,0,0,0,0,0,0,0,0,0,0,0,0,0,0,0,0,1,0,5,6,87,96,40,0,0
96,40,70,0,96,48,86,1,0,40,36,0,0,48,52,1,0,48,54,0,0,40,36,0,0,48,52,1,0,67,162,1,0,99,162,1,0,65,162,1,0,0,0,0,0,0,0,0,0,0,0,0,0,0,0,0,0,0,0,0,0,0,0,0,0,0,0,0,0,0,0,0,0,0,0,0,0,0,0,0,0,0,0,0,0,0,0,0,0,0,0,0,0,0,0,0,0,0,0,0,0,0,0,0,0,0,0,0,0,0,0,0,0,0,0,0,0,0,0,0,0,0,0,0,0,0,0,0,0,0,0,0,0,0,0,0,0,0,0,0,0,0,0,0,0,0,0,0,0,0,0,0,0,0,0,0,0,0,0,0,0,1,0,5,6,87,96,40,0,1
96,76,6,0,96,84,22,1,0,40,36,0,0,48,52,1,0,48,54,0,0,40,36,0,0,48,52,1,0,67,162,1,0,99,162,1,0,65,162,1,0,0,0,0,0,0,0,0,0,0,0,0,0,0,0,0,0,0,0,0,0,0,0,0,0,0,0,0,0,0,0,0,0,0,0,0,0,0,0,0,0,0,0,0,0,0,0,0,0,0,0,0,0,0,0,0,0,0,0,0,0,0,0,0,0,0,0,0,0,0,0,0,0,0,0,0,0,0,0,0,0,0,0,0,0,0,0,0,0,0,0,0,0,0,0,0,0,0,0,0,0,0,0,0,0,0,0,0,0,0,0,0,0,0,0,0,0,0,0,0,0,1,0,5,6,87,96,76,17781,7
96,76,6,0,96,84,22,1,96,96,152,0,96,88,140,1,96,135,154,0,96,127,142,1,0,48,52,1,0,67,162,1,0,99,162,1,0,65,162,1,0,0,0,0,0,0,0,0,0,0,0,0,0,0,0,0,0,0,0,0,0,0,0,0,0,0,0,0,0,0,0,0,0,0,0,0,0,0,0,0,0,0,0,0,0,0,0,0,0,0,0,0,0,0,0,0,0,0,0,0,0,0,0,0,0,0,0,0,0,0,0,0,0,0,0,0,0,0,0,0,0,0,0,0,0,0,0,0,0,0,0,0,0,0,0,0,0,0,0,0,0,0,0,0,0,0,0,0,0,0,0,0,0,0,0,0,0,0,0,0,0,1,0,5,6,87,96,76,35880,7
96,76,2,0,96,84,18,1,96,63,152,0,96,55,140,1,96,101,152,0,96,93,140,1,0,80,130,1,0,67,162,1,0,99,162,1,0,65,162,1,0,0,0,0,0,0,0,0,0,0,0,0,0,0,0,0,0,0,0,0,0,0,0,0,0,0,0,0,0,0,0,0,0,0,0,0,0,0,0,0,0,0,0,0,0,0,0,0,0,0,0,0,0,0,0,0,0,0,0,0,0,0,0,0,0,0,0,0,0,0,0,0,0,0,0,0,0,0,0,0,0,0,0,0,0,0,0,0,0,0,0,0,0,0,0,0,0,0,0,0,0,0,0,0,0,0,0,0,0,0,0,0,0,0,0,0,0,0,0,0,1,1,0,5,6,18,96,76,39093,8
25,72,34,0,25,80,48,0,25,88,50,0,9,72,14,0,9,80,32,0,9,88,12,1,96,7,152,0,96,255,140,1,80,115,154,32,80,123,142,33,47,95,204,0,47,87,198,1,0,139,206,0,0,131,200,1,0,0,0,0,0,0,0,0,0,0,0,0,0,0,0,0,0,0,0,0,0,0,0,0,0,0,0,0,0,0,0,0,0,0,0,0,0,0,0,0,0,0,0,0,0,0,0,0,0,0,0,0,0,0,0,0,0,0,0,0,0,0,0,0,0,0,0,0,0,0,0,0,0,0,0,0,0,0,0,0,0,0,0,0,0,0,0,0,0,0,0,0,0,0,0,0,0,0,0,0,0,0,0,0,1,1,0,5,6,249,16,76,56973,3
25,72,34,0,25,80,48,0,25,88,50,0,9,72,14,0,9,80,32,0,9,88,12,1,80,78,154,0,80,70,142,1,44,20,206,0,44,12,200,1,70,140,206,0,70,132,200,1,0,173,202,0,0,165,198,1,0,0,0,0,0,0,0,0,0,0,0,0,0,0,0,0,0,0,0,0,0,0,0,0,0,0,0,0,0,0,0,0,0,0,0,0,0,0,0,0,0,0,0,0,0,0,0,0,0,0,0,0,0,0,0,0,0,0,0,0,0,0,0,0,0,0,0,0,0,0,0,0,0,0,0,0,0,0,0,0,0,0,0,0,0,0,0,0,0,0,0,0,0,0,0,0,0,0,0,0,0,0,0,0,1,1,0,5,6,182,16,76,1220,3
25,72,34,0,25,80,48,0,25,88,50,0,9,72,14,0,9,80,32,0,9,88,12,1,80,39,154,32,80,47,142,33,80,100,202,0,80,92,198,1,0,128,206,0,0,120,200,1,0,173,202,0,0,165,198,1,0,0,0,0,0,0,0,0,0,0,0,0,0,0,0,0,0,0,0,0,0,0,0,0,0,0,0,0,0,0,0,0,0,0,0,0,0,0,0,0,0,0,0,0,0,0,0,0,0,0,0,0,0,0,0,0,0,0,0,0,0,0,0,0,0,0,0,0,0,0,0,0,0,0,0,0,0,0,0,0,0,0,0,0,0,0,0,0,0,0,0,0,0,0,0,0,0,0,0,0,0,0,0,0,1,1,0,5,6,217,16,76,11387,3
25,72,34,0,25,80,48,0,25,88,50,0,9,72,14,0,9,80,32,0,9,88,12,1,39,174,158,0,39,166,156,1,80,62,202,0,80,54,198,1,0,63,202,0,0,55,198,1,0,173,202,0,0,165,198,1,0,0,0,0,0,0,0,0,0,0,0,0,0,0,0,0,0,0,0,0,0,0,0,0,0,0,0,0,0,0,0,0,0,0,0,0,0,0,0,0,0,0,0,0,0,0,0,0,0,0,0,0,0,0,0,0,0,0,0,0,0,0,0,0,0,0,0,0,0,0,0,0,0,0,0,0,0,0,0,0,0,0,0,0,0,0,0,0,0,0,0,0,0,0,0,0,0,0,0,0,0,0,0,0,1,1,0,5,6,150,16,76,21170,3
25,72,34,0,25,80,48,0,25,88,50,0,9,72,14,0,9,80,32,0,9,88,12,1,66,134,162,0,66,126,160,1,96,139,152,32,96,147,140,33,64,22,206,0,64,14,200,1,0,173,202,0,0,165,198,1,0,0,0,0,0,0,0,0,0,0,0,0,0,0,0,0,0,0,0,0,0,0,0,0,0,0,0,0,0,0,0,0,0,0,0,0,0,0,0,0,0,0,0,0,0,0,0,0,0,0,0,0,0,0,0,0,0,0,0,0,0,0,0,0,0,0,0,0,0,0,0,0,0,0,0,0,0,0,0,0,0,0,0,0,0,0,0,0,0,0,0,0,0,0,0,0,0,0,0,0,0,0,0,0,1,1,0,5,6,185,16,76,31337,3
25,72,34,0,25,80,48,0,25,88,50,0,9,72,14,0,9,80,32,0,9,88,12,1,80,94,162,0,80,86,160,1,96,123,152,0,96,115,140,1,0,0,206,0,0,248,200,1,0,173,202,0,0,165,198,1,0,0,0,0,0,0,0,0,0,0,0,0,0,0,0,0,0,0,0,0,0,0,0,0,0,0,0,0,0,0,0,0,0,0,0,0,0,0,0,0,0,0,0,0,0,0,0,0,0,0,0,0,0,0,0,0,0,0,0,0,0,0,0,0,0,0,0,0,0,0,0,0,0,0,0,0,0,0,0,0,0,0,0,0,0,0,0,0,0,0,0,0,0,0,0,0,0,0,0,0,0,0,0,0,1,1,0,5,6,220,16,76,41504,3
25,72,34,0,25,80,48,0,25,88,50,0,9,72,14,0,9,80,32,0,9,88,12,1,65,55,158,0,65,47,156,1,96,62,154,32,96,70,142,33,0,0,206,0,0,248,200,1,0,173,202,0,0,165,198,1,0,0,0,0,0,0,0,0,0,0,0,0,0,0,0,0,0,0,0,0,0,0,0,0,0,0,0,0,0,0,0,0,0,0,0,0,0,0,0,0,0,0,0,0,0,0,0,0,0,0,0,0,0,0,0,0,0,0,0,0,0,0,0,0,0,0,0,0,0,0,0,0,0,0,0,0,0,0,0,0,0,0,0,0,0,0,0,0,0,0,0,0,0,0,0,0,0,0,0,0,0,0,0,0,1,1,0,5,6,76,16,76,51479,3
25,72,34,0,25,80,48,0,25,88,50,0,9,72,14,0,9,80,32,0,9,88,12,1,39,16,162,0,39,8,160,1,96,43,154,0,96,35,142,1,0,0,206,0,0,248,200,1,0,173,202,0,0,165,198,1,0,0,0,0,0,0,0,0,0,0,0,0,0,0,0,0,0,0,0,0,0,0,0,0,0,0,0,0,0,0,0,0,0,0,0,0,0,0,0,0,0,0,0,0,0,0,0,0,0,0,0,0,0,0,0,0,0,0,0,0,0,0,0,0,0,0,0,0,0,0,0,0,0,0,0,0,0,0,0,0,0,0,0,0,0,0,0,0,0,0,0,0,0,0,0,0,0,0,0,0,0,0,0,0,1,1,0,5,6,188,16,76,61454,3
25,72,34,0,25,80,48,0,25,88,50,0,9,72,14,0,9,80,32,0,9,88,12,1,93,126,218,32,93,134,216,33,0,138,218,32,0,146,216,33,0,163,218,0,0,155,216,1,0,173,202,0,0,165,198,1,0,0,0,0,0,0,0,0,0,0,0,0,0,0,0,0,0,0,0,0,0,0,0,0,0,0,0,0,0,0,0,0,0,0,0,0,0,0,0,0,0,0,0,0,0,0,0,0,0,0,0,0,0,0,0,0,0,0,0,0,0,0,0,0,0,0,0,0,0,0,0,0,0,0,0,0,0,0,0,0,0,0,0,0,0,0,0,0,0,0,0,0,0,0,0,0,0,0,0,0,0,0,0,0,1,1,0,5,6,223,16,76,6085,3
25,72,34,0,25,80,48,0,25,88,50,0,9,72,14,0,9,80,32,0,9,88,12,1,93,92,218,0,93,84,216,1,0,138,218,32,0,146,216,33,0,163,218,0,0,155,216,1,0,173,202,0,0,165,198,1,0,0,0,0,0,0,0,0,0,0,0,0,0,0,0,0,0,0,0,0,0,0,0,0,0,0,0,0,0,0,0,0,0,0,0,0,0,0,0,0,0,0,0,0,0,0,0,0,0,0,0,0,0,0,0,0,0,0,0,0,0,0,0,0,0,0,0,0,0,0,0,0,0,0,0,0,0,0,0,0,0,0,0,0,0,0,0,0,0,0,0,0,0,0,0,0,0,0,0,0,0,0,0,0,1,1,0,5,6,2,16,76,16252,3
25,72,34,0,25,80,48,0,25,88,50,0,9,72,14,0,9,80,32,0,9,88,12,1,94,51,218,0,94,43,216,1,35,134,158,0,35,126,156,1,96,154,218,32,96,162,216,33,47,167,158,0,47,159,156,1,0,0,0,0,0,0,0,0,0,0,0,0,0,0,0,0,0,0,0,0,0,0,0,0,0,0,0,0,0,0,0,0,0,0,0,0,0,0,0,0,0,0,0,0,0,0,0,0,0,0,0,0,0,0,0,0,0,0,0,0,0,0,0,0,0,0,0,0,0,0,0,0,0,0,0,0,0,0,0,0,0,0,0,0,0,0,0,0,0,0,0,0,0,0,0,0,0,0,0,0,0,0,0,0,1,1,0,5,6,12,16,76,25843,3
25,72,34,0,25,80,48,0,25,88,50,0,9,72,14,0,9,80,32,0,9,88,12,1,91,5,218,32,91,13,216,33,39,59,158,0,39,51,156,1,96,116,218,32,96,124,216,33,32,91,158,0,32,83,156,1,0,0,0,0,0,0,0,0,0,0,0,0,0,0,0,0,0,0,0,0,0,0,0,0,0,0,0,0,0,0,0,0,0,0,0,0,0,0,0,0,0,0,0,0,0,0,0,0,0,0,0,0,0,0,0,0,0,0,0,0,0,0,0,0,0,0,0,0,0,0,0,0,0,0,0,0,0,0,0,0,0,0,0,0,0,0,0,0,0,0,0,0,0,0,0,0,0,0,0,0,0,0,0,0,1,1,0,5,6,22,16,76,35434,3
25,72,34,0,25,80,48,0,25,88,50,0,9,72,14,0,9,80,32,0,9,88,12,1,96,88,218,0,96,80,216,1,38,13,158,0,38,5,156,1,0,33,158,0,0,25,156,1,0,55,162,0,0,47,160,1,0,0,0,0,0,0,0,0,0,0,0,0,0,0,0,0,0,0,0,0,0,0,0,0,0,0,0,0,0,0,0,0,0,0,0,0,0,0,0,0,0,0,0,0,0,0,0,0,0,0,0,0,0,0,0,0,0,0,0,0,0,0,0,0,0,0,0,0,0,0,0,0,0,0,0,0,0,0,0,0,0,0,0,0,0,0,0,0,0,0,0,0,0,0,0,0,0,0,0,0,0,0,0,0,1,1,0,5,6,134,16,76,45409,3
25,72,34,0,25,80,48,0,25,88,50,0,9,72,14,0,9,80,32,0,9,88,12,1,96,39,218,32,96,47,216,33,0,1,162,0,0,249,160,1,0,33,158,0,0,25,156,1,0,55,162,0,0,47,160,1,0,0,0,0,0,0,0,0,0,0,0,0,0,0,0,0,0,0,0,0,0,0,0,0,0,0,0,0,0,0,0,0,0,0,0,0,0,0,0,0,0,0,0,0,0,0,0,0,0,0,0,0,0,0,0,0,0,0,0,0,0,0,0,0,0,0,0,0,0,0,0,0,0,0,0,0,0,0,0,0,0,0,0,0,0,0,0,0,0,0,0,0,0,0,0,0,0,0,0,0,0,0,0,0,1,1,0,5,6,67,16,76,55192,3
25,72,34,0,25,80,48,0,25,88,50,0,9,72,14,0,9,80,32,0,9,88,12,1,80,161,202,0,80,153,198,1,96,255,218,32,96,7,216,33,0,33,158,0,0,25,156,1,0,55,162,0,0,47,160,1,0,0,0,0,0,0,0,0,0,0,0,0,0,0,0,0,0,0,0,0,0,0,0,0,0,0,0,0,0,0,0,0,0,0,0,0,0,0,0,0,0,0,0,0,0,0,0,0,0,0,0,0,0,0,0,0,0,0,0,0,0,0,0,0,0,0,0,0,0,0,0,0,0,0,0,0,0,0,0,0,0,0,0,0,0,0,0,0,0,0,0,0,0,0,0,0,0,0,0,0,0,0,0,0,1,1,0,5,6,102,16,76,65359,3
25,72,34,0,25,80,48,0,25,88,50,0,9,72,14,0,9,80,32,0,9,88,12,1,64,121,206,0,64,113,200,1,0,1,218,0,0,249,216,1,0,33,158,0,0,25,156,1,0,55,162,0,0,47,160,1,0,0,0,0,0,0,0,0,0,0,0,0,0,0,0,0,0,0,0,0,0,0,0,0,0,0,0,0,0,0,0,0,0,0,0,0,0,0,0,0,0,0,0,0,0,0,0,0,0,0,0,0,0,0,0,0,0,0,0,0,0,0,0,0,0,0,0,0,0,0,0,0,0,0,0,0,0,0,0,0,0,0,0,0,0,0,0,0,0,0,0,0,0,0,0,0,0,0,0,0,0,0,0,0,1,1,0,5,6,137,16,76,9990,3
25,72,34,0,25,80,48,0,25,88,50,0,9,72,14,0,9,80,32,0,9,88,12,1,80,83,202,0,80,75,198,1,57,147,158,0,57,139,156,1,0,33,158,0,0,25,156,1,0,55,162,0,0,47,160,1,0,0,0,0,0,0,0,0,0,0,0,0,0,0,0,0,0,0,0,0,0,0,0,0,0,0,0,0,0,0,0,0,0,0,0,0,0,0,0,0,0,0,0,0,0,0,0,0,0,0,0,0,0,0,0,0,0,0,0,0,0,0,0,0,0,0,0,0,0,0,0,0,0,0,0,0,0,0,0,0,0,0,0,0,0,0,0,0,0,0,0,0,0,0,0,0,0,0,0,0,0,0,0,0,1,1,0,5,6,249,16,76,19965,3
25,72,34,0,25,80,48,0,25,88,50,0,9,72,14,0,9,80,32,0,9,88,12,1,80,44,202,0,80,36,198,1,77,108,162,0,77,100,160,1,96,85,154,0,96,77,142,1,91,174,194,0,91,166,190,1,0,0,0,0,0,0,0,0,0,0,0,0,0,0,0,0,0,0,0,0,0,0,0,0,0,0,0,0,0,0,0,0,0,0,0,0,0,0,0,0,0,0,0,0,0,0,0,0,0,0,0,0,0,0,0,0,0,0,0,0,0,0,0,0,0,0,0,0,0,0,0,0,0,0,0,0,0,0,0,0,0,0,0,0,0,0,0,0,0,0,0,0,0,0,0,0,0,0,0,0,0,0,0,0,1,1,0,5,6,182,16,76,29748,3
25,72,34,0,25,80,48,0,25,88,50,0,9,72,14,0,9,80,32,0,9,88,12,1,66,6,206,0,66,254,200,1,73,70,158,0,73,62,156,1,96,73,152,32,96,81,140,33,95,109,194,32,95,117,190,33,96,164,218,32,96,172,216,33,0,0,0,0,0,0,0,0,0,0,0,0,0,0,0,0,0,0,0,0,0,0,0,0,0,0,0,0,0,0,0,0,0,0,0,0,0,0,0,0,0,0,0,0,0,0,0,0,0,0,0,0,0,0,0,0,0,0,0,0,0,0,0,0,0,0,0,0,0,0,0,0,0,0,0,0,0,0,0,0,0,0,0,0,0,0,0,0,0,0,0,0,0,0,0,0,1,1,0,5,6,115,16,76,39531,3
24,88,50,0,24,72,34,0,24,80,48,0,8,88,28,0,8,80,32,0,8,72,30,1,52,36,162,0,52,28,160,1,96,80,152,0,96,72,140,1,96,98,196,32,96,106,192,33,96,141,218,0,96,133,216,1,96,163,154,0,96,155,142,1,0,0,0,0,0,0,0,0,0,0,0,0,0,0,0,0,0,0,0,0,0,0,0,0,0,0,0,0,0,0,0,0,0,0,0,0,0,0,0,0,0,0,0,0,0,0,0,0,0,0,0,0,0,0,0,0,0,0,0,0,0,0,0,0,0,0,0,0,0,0,0,0,0,0,0,0,0,0,0,0,0,0,0,0,0,0,0,0,0,0,0,0,0,0,0,0,1,1,0,5,6,177,16,76,48354,3
25,72,34,0,25,80,48,0,25,88,50,0,9,72,14,0,9,80,32,0,9,88,12,1,35,2,162,0,35,250,160,1,94,69,194,0,94,61,190,1,96,107,218,0,96,99,216,1,96,132,154,32,96,140,142,33,60,120,206,0,60,112,200,1,0,123,206,0,0,115,200,1,0,0,0,0,0,0,0,0,0,0,0,0,0,0,0,0,0,0,0,0,0,0,0,0,0,0,0,0,0,0,0,0,0,0,0,0,0,0,0,0,0,0,0,0,0,0,0,0,0,0,0,0,0,0,0,0,0,0,0,0,0,0,0,0,0,0,0,0,0,0,0,0,0,0,0,0,0,0,0,0,0,0,0,0,0,0,0,0,1,1,0,5,6,60,16,76,56985,3
25,72,34,0,25,80,48,0,25,88,50,0,9,72,14,0,9,80,32,0,9,88,12,1,95,16,196,0,95,8,192,1,95,75,218,0,95,67,216,1,96,103,152,0,96,95,140,1,63,62,206,0,63,54,200,1,0,117,206,0,0,109,200,1,0,123,206,0,0,115,200,1,0,0,0,0,0,0,0,0,0,0,0,0,0,0,0,0,0,0,0,0,0,0,0,0,0,0,0,0,0,0,0,0,0,0,0,0,0,0,0,0,0,0,0,0,0,0,0,0,0,0,0,0,0,0,0,0,0,0,0,0,0,0,0,0,0,0,0,0,0,0,0,0,0,0,0,0,0,0,0,0,0,0,0,0,0,0,0,0,1,1,0,5,6,97,16,76,65232,3
25,72,34,0,25,80,48,0,25,88,50,0,9,72,14,0,9,80,32,0,9,88,12,1,95,249,194,32,95,1,190,33,96,42,218,0,96,34,216,1,96,61,152,32,96,69,140,33,64,2,204,0,64,250,198,1,73,145,204,0,73,137,198,1,0,123,206,0,0,115,200,1,0,0,0,0,0,0,0,0,0,0,0,0,0,0,0,0,0,0,0,0,0,0,0,0,0,0,0,0,0,0,0,0,0,0,0,0,0,0,0,0,0,0,0,0,0,0,0,0,0,0,0,0,0,0,0,0,0,0,0,0,0,0,0,0,0,0,0,0,0,0,0,0,0,0,0,0,0,0,0,0,0,0,0,0,0,0,0,0,1,1,0,5,6,57,16,76,8135,3
24,88,50,0,24,72,34,0,24,80,48,0,8,88,28,0,8,80,32,0,8,72,30,1,96,13,218,0,96,5,216,1,96,49,152,0,96,41,140,1,66,116,206,0,66,108,200,1,64,174,114,32,64,166,114,1,0,144,204,0,0,136,198,1,0,123,206,0,0,115,200,1,0,0,0,0,0,0,0,0,0,0,0,0,0,0,0,0,0,0,0,0,0,0,0,0,0,0,0,0,0,0,0,0,0,0,0,0,0,0,0,0,0,0,0,0,0,0,0,0,0,0,0,0,0,0,0,0,0,0,0,0,0,0,0,0,0,0,0,0,0,0,0,0,0,0,0,0,0,0,0,0,0,0,0,0,0,0,0,0,1,1,0,5,6,223,16,76,15422,3
24,88,50,0,24,72,34,0,24,80,48,0,8,88,28,0,8,80,32,0,8,72,30,1,35,123,158,0,35,115,156,1,96,250,152,32,96,2,140,33,80,86,202,0,80,78,198,1,64,144,114,96,64,136,114,65,0,162,116,16,0,154,100,17,0,123,206,0,0,115,200,1,0,0,0,0,0,0,0,0,0,0,0,0,0,0,0,0,0,0,0,0,0,0,0,0,0,0,0,0,0,0,0,0,0,0,0,0,0,0,0,0,0,0,0,0,0,0,0,0,0,0,0,0,0,0,0,0,0,0,0,0,0,0,0,0,0,0,0,0,0,0,0,0,0,0,0,0,0,0,0,0,0,0,0,0,0,0,0,0,1,1,0,5,6,235,16,76,23093,3
24,118,50,0,24,102,34,0,24,110,48,0,8,118,28,0,8,110,32,0,8,102,30,1,36,81,162,0,36,73,160,1,96,15,152,0,96,7,140,1,80,80,202,0,80,72,198,1,64,138,116,0,64,130,100,1,0,162,116,16,0,154,100,17,0,123,206,0,0,115,200,1,0,0,0,0,0,0,0,0,0,0,0,0,0,0,0,0,0,0,0,0,0,0,0,0,0,0,0,0,0,0,0,0,0,0,0,0,0,0,0,0,0,0,0,0,0,0,0,0,0,0,0,0,0,0,0,0,0,0,0,0,0,0,0,0,0,0,0,0,0,0,0,0,0,0,0,0,0,0,0,0,0,0,0,0,0,0,0,0,1,1,0,5,6,143,16,106,24620,3
41,111,0,0,41,119,16,1,25,38,158,0,25,30,156,1,66,80,206,0,66,72,200,1,64,138,114,48,64,130,114,17,0,138,100,96,0,130,116,97,0,167,76,0,0,175,92,1,0,138,114,96,0,130,114,65,0,167,76,0,0,175,92,1,0,123,206,0,0,115,200,1,0,0,0,0,0,0,0,0,0,0,0,0,0,0,0,0,0,0,0,0,0,0,0,0,0,0,0,0,0,0,0,0,0,0,0,0,0,0,0,0,0,0,0,0,0,0,0,0,0,0,0,0,0,0,0,0,0,0,0,0,0,0,0,0,0,0,0,0,0,0,0,0,0,0,0,0,0,0,0,0,0,0,0,0,0,0,0,0,6,1,0,5,6,242,41,111,24628,0
57,140,42,0,41,140,42,64,57,132,62,0,57,124,46,0,41,132,60,0,41,124,44,1,39,118,130,1,39,149,130,1,96,8,154,0,96,0,142,1,60,107,130,1,80,80,202,0,80,72,198,1,60,160,130,1,0,72,198,1,0,157,130,1,0,153,130,1,0,115,200,1,0,0,0,0,0,0,0,0,0,0,0,0,0,0,0,0,0,0,0,0,0,0,0,0,0,0,0,0,0,0,0,0,0,0,0,0,0,0,0,0,0,0,0,0,0,0,0,0,0,0,0,0,0,0,0,0,0,0,0,0,0,0,0,0,0,0,0,0,0,0,0,0,0,0,0,0,0,0,0,0,0,0,0,0,0,0,0,0,6,6,0,5,6,178,64,130,24736,7
