107,74,90,1,104,70,90,1,96,52,90,1,104,40,38,0,104,48,54,0,88,40,36,0,88,48,52,1,0,67,162,1,0,99,162,1,0,65,162,1,0,0,0,0,0,0,0,0,0,0,0,0,0,0,0,0,0,0,0,0,0,0,0,0,0,0,0,0,0,0,0,0,0,0,0,0,0,0,0,0,0,0,0,0,0,0,0,0,0,0,0,0,0,0,0,0,0,0,0,0,0,0,0,0,0,0,0,0,0,0,0,0,0,0,0,0,0,0,0,0,0,0,0,0,0,0,0,0,0,0,0,0,0,0,0,0,0,0,0,0,0,0,0,0,0,0,0,0,0,0,0,0,0,0,0,0,0,0,0,0,0,1,0,5,6,156,96,40,0,0
55,51,34,32,55,43,48,32,55,35,50,32,39,51,30,32,39,43,32,32,39,35,28,33,0,48,52,1,0,67,162,1,0,99,162,1,0,65,162,1,0,0,0,0,0,0,0,0,0,0,0,0,0,0,0,0,0,0,0,0,0,0,0,0,0,0,0,0,0,0,0,0,0,0,0,0,0,0,0,0,0,0,0,0,0,0,0,0,0,0,0,0,0,0,0,0,0,0,0,0,0,0,0,0,0,0,0,0,0,0,0,0,0,0,0,0,0,0,0,0,0,0,0,0,0,0,0,0,0,0,0,0,0,0,0,0,0,0,0,0,0,0,0,0,0,0,0,0,0,0,0,0,0,0,0,0,0,0,0,0,0,1,0,5,6,245,47,39,79,2
25,72,34,0,25,80,48,0,25,88,50,0,9,72,14,0,9,80,32,0,9,88,12,1,0,48,52,1,0,67,162,1,0,99,162,1,0,65,162,1,0,0,0,0,0,0,0,0,0,0,0,0,0,0,0,0,0,0,0,0,0,0,0,0,0,0,0,0,0,0,0,0,0,0,0,0,0,0,0,0,0,0,0,0,0,0,0,0,0,0,0,0,0,0,0,0,0,0,0,0,0,0,0,0,0,0,0,0,0,0,0,0,0,0,0,0,0,0,0,0,0,0,0,0,0,0,0,0,0,0,0,0,0,0,0,0,0,0,0,0,0,0,0,0,0,0,0,0,0,0,0,0,0,0,0,0,0,0,0,0,0,1,0,5,6,102,16,76,2517,3
24,88,50,0,24,72,34,0,24,80,48,0,8,88,28,0,8,80,32,0,8,72,30,1,0,48,52,1,0,67,162,1,0,99,162,1,0,65,162,1,0,0,0,0,0,0,0,0,0,0,0,0,0,0,0,0,0,0,0,0,0,0,0,0,0,0,0,0,0,0,0,0,0,0,0,0,0,0,0,0,0,0,0,0,0,0,0,0,0,0,0,0,0,0,0,0,0,0,0,0,0,0,0,0,0,0,0,0,0,0,0,0,0,0,0,0,0,0,0,0,0,0,0,0,0,0,0,0,0,0,0,0,0,0,0,0,0,0,0,0,0,0,0,0,0,0,0,0,0,0,0,0,0,0,0,0,0,0,0,0,0,1,0,5,6,215,16,76,4470,8
61,88,50,0,61,72,34,0,61,80,48,0,45,88,28,0,45,80,32,0,45,72,30,1,0,48,52,1,0,67,162,1,0,99,162,1,0,65,162,1,0,0,0,0,0,0,0,0,0,0,0,0,0,0,0,0,0,0,0,0,0,0,0,0,0,0,0,0,0,0,0,0,0,0,0,0,0,0,0,0,0,0,0,0,0,0,0,0,0,0,0,0,0,0,0,0,0,0,0,0,0,0,0,0,0,0,0,0,0,0,0,0,0,0,0,0,0,0,0,0,0,0,0,0,0,0,0,0,0,0,0,0,0,0,0,0,0,0,0,0,0,0,0,0,0,0,0,0,0,0,0,0,0,0,0,0,0,0,0,0,1,1,0,5,6,29,53,76,16590,7
24,88,50,0,24,72,34,0,24,80,48,0,8,88,28,0,8,80,32,0,8,72,30,1,96,161,154,0,96,153,142,1,0,99,162,1,0,65,162,1,0,0,0,0,0,0,0,0,0,0,0,0,0,0,0,0,0,0,0,0,0,0,0,0,0,0,0,0,0,0,0,0,0,0,0,0,0,0,0,0,0,0,0,0,0,0,0,0,0,0,0,0,0,0,0,0,0,0,0,0,0,0,0,0,0,0,0,0,0,0,0,0,0,0,0,0,0,0,0,0,0,0,0,0,0,0,0,0,0,0,0,0,0,0,0,0,0,0,0,0,0,0,0,0,0,0,0,0,0,0,0,0,0,0,0,0,0,0,0,0,1,1,0,5,6,98,16,76,18543,8
24,88,50,0,24,72,34,0,24,80,48,0,8,88,28,0,8,80,32,0,8,72,30,1,96,113,152,0,96,105,140,1,96,171,152,0,96,163,140,1,0,0,0,0,0,0,0,0,0,0,0,0,0,0,0,0,0,0,0,0,0,0,0,0,0,0,0,0,0,0,0,0,0,0,0,0,0,0,0,0,0,0,0,0,0,0,0,0,0,0,0,0,0,0,0,0,0,0,0,0,0,0,0,0,0,0,0,0,0,0,0,0,0,0,0,0,0,0,0,0,0,0,0,0,0,0,0,0,0,0,0,0,0,0,0,0,0,0,0,0,0,0,0,0,0,0,0,0,0,0,0,0,0,0,0,0,0,0,0,0,1,1,0,5,6,88,16,76,27399,3
25,72,34,0,25,80,48,0,25,88,50,0,9,72,14,0,9,80,32,0,9,88,12,1,96,45,154,0,96,37,142,1,96,103,152,0,96,95,140,1,0,0,0,0,0,0,0,0,0,0,0,0,0,0,0,0,0,0,0,0,0,0,0,0,0,0,0,0,0,0,0,0,0,0,0,0,0,0,0,0,0,0,0,0,0,0,0,0,0,0,0,0,0,0,0,0,0,0,0,0,0,0,0,0,0,0,0,0,0,0,0,0,0,0,0,0,0,0,0,0,0,0,0,0,0,0,0,0,0,0,0,0,0,0,0,0,0,0,0,0,0,0,0,0,0,0,0,0,0,0,0,0,0,0,0,0,0,0,0,0,1,1,0,5,6,151,16,76,40647,3
24,88,50,0,24,72,34,0,24,80,48,0,8,88,28,0,8,80,32,0,8,72,30,1,96,38,152,0,96,30,140,1,80,132,154,32,80,140,142,33,44,119,206,0,44,111,200,1,0,149,204,0,0,141,198,1,0,0,0,0,0,0,0,0,0,0,0,0,0,0,0,0,0,0,0,0,0,0,0,0,0,0,0,0,0,0,0,0,0,0,0,0,0,0,0,0,0,0,0,0,0,0,0,0,0,0,0,0,0,0,0,0,0,0,0,0,0,0,0,0,0,0,0,0,0,0,0,0,0,0,0,0,0,0,0,0,0,0,0,0,0,0,0,0,0,0,0,0,0,0,0,0,0,0,0,0,0,0,0,0,1,1,0,5,6,10,16,76,53127,3
24,88,50,0,24,72,34,0,24,80,48,0,8,88,28,0,8,80,32,0,8,72,30,1,80,67,152,32,80,75,140,33,44,27,206,0,44,19,200,1,71,143,204,0,71,135,198,1,0,165,202,0,0,157,198,1,0,0,0,0,0,0,0,0,0,0,0,0,0,0,0,0,0,0,0,0,0,0,0,0,0,0,0,0,0,0,0,0,0,0,0,0,0,0,0,0,0,0,0,0,0,0,0,0,0,0,0,0,0,0,0,0,0,0,0,0,0,0,0,0,0,0,0,0,0,0,0,0,0,0,0,0,0,0,0,0,0,0,0,0,0,0,0,0,0,0,0,0,0,0,0,0,0,0,0,0,0,0,0,0,1,1,0,5,6,227,16,76,455,3
25,72,34,0,25,80,48,0,25,88,50,0,9,72,14,0,9,80,32,0,9,88,12,1,80,36,154,0,80,28,142,1,80,92,202,0,80,84,198,1,0,128,206,0,0,120,200,1,0,165,202,0,0,157,198,1,0,0,0,0,0,0,0,0,0,0,0,0,0,0,0,0,0,0,0,0,0,0,0,0,0,0,0,0,0,0,0,0,0,0,0,0,0,0,0,0,0,0,0,0,0,0,0,0,0,0,0,0,0,0,0,0,0,0,0,0,0,0,0,0,0,0,0,0,0,0,0,0,0,0,0,0,0,0,0,0,0,0,0,0,0,0,0,0,0,0,0,0,0,0,0,0,0,0,0,0,0,0,0,0,1,1,0,5,6,111,16,76,13511,3
25,72,34,0,25,80,48,0,25,88,50,0,9,72,14,0,9,80,32,0,9,88,12,1,54,152,162,0,54,144,160,1,96,170,154,0,96,162,142,1,78,40,204,0,78,32,198,1,0,165,202,0,0,157,198,1,0,0,0,0,0,0,0,0,0,0,0,0,0,0,0,0,0,0,0,0,0,0,0,0,0,0,0,0,0,0,0,0,0,0,0,0,0,0,0,0,0,0,0,0,0,0,0,0,0,0,0,0,0,0,0,0,0,0,0,0,0,0,0,0,0,0,0,0,0,0,0,0,0,0,0,0,0,0,0,0,0,0,0,0,0,0,0,0,0,0,0,0,0,0,0,0,0,0,0,0,0,0,0,0,1,1,0,5,6,174,16,76,26759,3
24,88,50,0,24,72,34,0,24,80,48,0,8,88,28,0,8,80,32,0,8,72,30,1,80,100,158,0,80,92,156,1,96,131,152,0,96,123,140,1,0,0,206,0,0,248,200,1,0,165,202,0,0,157,198,1,0,0,0,0,0,0,0,0,0,0,0,0,0,0,0,0,0,0,0,0,0,0,0,0,0,0,0,0,0,0,0,0,0,0,0,0,0,0,0,0,0,0,0,0,0,0,0,0,0,0,0,0,0,0,0,0,0,0,0,0,0,0,0,0,0,0,0,0,0,0,0,0,0,0,0,0,0,0,0,0,0,0,0,0,0,0,0,0,0,0,0,0,0,0,0,0,0,0,0,0,0,0,0,0,1,1,0,5,6,237,16,76,40007,3
25,72,34,0,25,80,48,0,25,88,50,0,9,72,14,0,9,80,32,0,9,88,12,1,61,49,162,0,61,41,160,1,96,60,154,32,96,68,142,33,0,0,206,0,0,248,200,1,0,165,202,0,0,157,198,1,0,0,0,0,0,0,0,0,0,0,0,0,0,0,0,0,0,0,0,0,0,0,0,0,0,0,0,0,0,0,0,0,0,0,0,0,0,0,0,0,0,0,0,0,0,0,0,0,0,0,0,0,0,0,0,0,0,0,0,0,0,0,0,0,0,0,0,0,0,0,0,0,0,0,0,0,0,0,0,0,0,0,0,0,0,0,0,0,0,0,0,0,0,0,0,0,0,0,0,0,0,0,0,0,1,8,0,5,6,44,16,76,53255,3
24,88,50,0,24,72,34,0,24,80,48,0,8,88,28,0,8,80,32,0,8,72,30,1,96,12,154,0,96,4,142,1,95,160,218,0,95,152,216,1,0,163,218,0,0,155,216,1,0,165,202,0,0,157,198,1,0,0,0,0,0,0,0,0,0,0,0,0,0,0,0,0,0,0,0,0,0,0,0,0,0,0,0,0,0,0,0,0,0,0,0,0,0,0,0,0,0,0,0,0,0,0,0,0,0,0,0,0,0,0,0,0,0,0,0,0,0,0,0,0,0,0,0,0,0,0,0,0,0,0,0,0,0,0,0,0,0,0,0,0,0,0,0,0,0,0,0,0,0,0,0,0,0,0,0,0,0,0,0,0,1,1,0,5,6,184,16,76,775,3
25,72,34,0,25,80,48,0,25,88,50,0,9,72,14,0,9,80,32,0,9,88,12,1,94,92,218,32,94,100,216,33,0,138,218,32,0,146,216,33,0,163,218,0,0,155,216,1,0,165,202,0,0,157,198,1,0,0,0,0,0,0,0,0,0,0,0,0,0,0,0,0,0,0,0,0,0,0,0,0,0,0,0,0,0,0,0,0,0,0,0,0,0,0,0,0,0,0,0,0,0,0,0,0,0,0,0,0,0,0,0,0,0,0,0,0,0,0,0,0,0,0,0,0,0,0,0,0,0,0,0,0,0,0,0,0,0,0,0,0,0,0,0,0,0,0,0,0,0,0,0,0,0,0,0,0,0,0,0,0,1,1,0,5,6,247,16,76,14023,3
25,72,34,0,25,80,48,0,25,88,50,0,9,72,14,0,9,80,32,0,9,88,12,1,95,38,218,32,95,46,216,33,35,131,158,0,35,123,156,1,96,152,218,32,96,160,216,33,49,162,158,0,49,154,156,1,0,0,0,0,0,0,0,0,0,0,0,0,0,0,0,0,0,0,0,0,0,0,0,0,0,0,0,0,0,0,0,0,0,0,0,0,0,0,0,0,0,0,0,0,0,0,0,0,0,0,0,0,0,0,0,0,0,0,0,0,0,0,0,0,0,0,0,0,0,0,0,0,0,0,0,0,0,0,0,0,0,0,0,0,0,0,0,0,0,0,0,0,0,0,0,0,0,0,0,0,0,0,0,0,1,1,0,5,6,183,16,76,26311,3
24,88,50,0,24,72,34,0,24,80,48,0,8,88,28,0,8,80,32,0,8,72,30,1,95,3,218,0,95,251,216,1,36,29,158,0,36,21,156,1,95,112,218,0,95,104,216,1,44,60,158,0,44,52,156,1,0,0,0,0,0,0,0,0,0,0,0,0,0,0,0,0,0,0,0,0,0,0,0,0,0,0,0,0,0,0,0,0,0,0,0,0,0,0,0,0,0,0,0,0,0,0,0,0,0,0,0,0,0,0,0,0,0,0,0,0,0,0,0,0,0,0,0,0,0,0,0,0,0,0,0,0,0,0,0,0,0,0,0,0,0,0,0,0,0,0,0,0,0,0,0,0,0,0,0,0,0,0,0,0,1,1,0,5,6,67,16,76,39367,3
25,72,34,0,25,80,48,0,25,88,50,0,9,72,14,0,9,80,32,0,9,88,12,1,96,61,218,0,96,53,216,1,0,0,162,0,0,248,160,1,0,33,158,0,0,25,156,1,0,54,162,0,0,46,160,1,0,0,0,0,0,0,0,0,0,0,0,0,0,0,0,0,0,0,0,0,0,0,0,0,0,0,0,0,0,0,0,0,0,0,0,0,0,0,0,0,0,0,0,0,0,0,0,0,0,0,0,0,0,0,0,0,0,0,0,0,0,0,0,0,0,0,0,0,0,0,0,0,0,0,0,0,0,0,0,0,0,0,0,0,0,0,0,0,0,0,0,0,0,0,0,0,0,0,0,0,0,0,0,0,1,1,0,5,6,207,16,76,52423,3
24,88,50,0,24,72,34,0,24,80,48,0,8,88,28,0,8,80,32,0,8,72,30,1,80,161,202,0,80,153,198,1,96,255,218,32,96,7,216,33,0,33,158,0,0,25,156,1,0,54,162,0,0,46,160,1,0,0,0,0,0,0,0,0,0,0,0,0,0,0,0,0,0,0,0,0,0,0,0,0,0,0,0,0,0,0,0,0,0,0,0,0,0,0,0,0,0,0,0,0,0,0,0,0,0,0,0,0,0,0,0,0,0,0,0,0,0,0,0,0,0,0,0,0,0,0,0,0,0,0,0,0,0,0,0,0,0,0,0,0,0,0,0,0,0,0,0,0,0,0,0,0,0,0,0,0,0,0,0,0,1,1,0,5,6,91,16,76,65479,3
24,88,50,0,24,72,34,0,24,80,48,0,8,88,28,0,8,80,32,0,8,72,30,1,70,109,206,0,70,101,200,1,40,173,158,0,40,165,156,1,0,33,158,0,0,25,156,1,0,54,162,0,0,46,160,1,0,0,0,0,0,0,0,0,0,0,0,0,0,0,0,0,0,0,0,0,0,0,0,0,0,0,0,0,0,0,0,0,0,0,0,0,0,0,0,0,0,0,0,0,0,0,0,0,0,0,0,0,0,0,0,0,0,0,0,0,0,0,0,0,0,0,0,0,0,0,0,0,0,0,0,0,0,0,0,0,0,0,0,0,0,0,0,0,0,0,0,0,0,0,0,0,0,0,0,0,0,0,0,0,1,1,0,5,6,154,16,76,13191,3
24,88,50,0,24,72,34,0,24,80,48,0,8,88,28,0,8,80,32,0,8,72,30,1,80,59,202,0,80,51,198,1,72,123,162,0,72,115,160,1,96,119,152,0,96,111,140,1,0,54,162,0,0,46,160,1,0,0,0,0,0,0,0,0,0,0,0,0,0,0,0,0,0,0,0,0,0,0,0,0,0,0,0,0,0,0,0,0,0,0,0,0,0,0,0,0,0,0,0,0,0,0,0,0,0,0,0,0,0,0,0,0,0,0,0,0,0,0,0,0,0,0,0,0,0,0,0,0,0,0,0,0,0,0,0,0,0,0,0,0,0,0,0,0,0,0,0,0,0,0,0,0,0,0,0,0,0,0,0,0,1,1,0,5,6,115,16,76,26055,3
25,72,34,0,25,80,48,0,25,88,50,0,9,72,14,0,9,80,32,0,9,88,12,1,65,9,206,0,65,1,200,1,74,73,158,0,74,65,156,1,96,71,152,32,96,79,140,33,96,110,194,32,96,118,190,33,0,0,0,0,0,0,0,0,0,0,0,0,0,0,0,0,0,0,0,0,0,0,0,0,0,0,0,0,0,0,0,0,0,0,0,0,0,0,0,0,0,0,0,0,0,0,0,0,0,0,0,0,0,0,0,0,0,0,0,0,0,0,0,0,0,0,0,0,0,0,0,0,0,0,0,0,0,0,0,0,0,0,0,0,0,0,0,0,0,0,0,0,0,0,0,0,0,0,0,0,0,0,0,0,1,1,0,5,6,153,16,76,38727,3
24,88,50,0,24,72,34,0,24,80,48,0,8,88,28,0,8,80,32,0,8,72,30,1,47,27,158,0,47,19,156,1,96,64,152,0,96,56,140,1,91,94,194,32,91,102,190,33,96,132,218,0,96,124,216,1,96,144,152,32,96,152,140,33,60,169,206,0,60,161,200,1,0,0,0,0,0,0,0,0,0,0,0,0,0,0,0,0,0,0,0,0,0,0,0,0,0,0,0,0,0,0,0,0,0,0,0,0,0,0,0,0,0,0,0,0,0,0,0,0,0,0,0,0,0,0,0,0,0,0,0,0,0,0,0,0,0,0,0,0,0,0,0,0,0,0,0,0,0,0,0,0,0,0,0,0,0,0,0,0,1,8,0,5,6,64,16,76,50439,3
25,72,34,0,25,80,48,0,25,88,50,0,9,72,14,0,9,80,32,0,9,88,12,1,95,39,196,0,95,31,192,1,96,78,218,32,96,86,216,33,96,126,152,0,96,118,140,1,62,90,206,0,62,82,200,1,0,117,206,0,0,109,200,1,0,123,206,0,0,115,200,1,0,0,0,0,0,0,0,0,0,0,0,0,0,0,0,0,0,0,0,0,0,0,0,0,0,0,0,0,0,0,0,0,0,0,0,0,0,0,0,0,0,0,0,0,0,0,0,0,0,0,0,0,0,0,0,0,0,0,0,0,0,0,0,0,0,0,0,0,0,0,0,0,0,0,0,0,0,0,0,0,0,0,0,0,0,0,0,0,1,1,0,5,6,206,16,76,61575,3
24,88,50,0,24,72,34,0,24,80,48,0,8,88,28,0,8,80,32,0,8,72,30,1,96,249,194,32,96,1,190,33,96,44,218,0,96,36,216,1,96,61,154,32,96,69,142,33,63,5,204,0,63,253,198,1,76,147,204,0,76,139,198,1,0,123,206,0,0,115,200,1,0,0,0,0,0,0,0,0,0,0,0,0,0,0,0,0,0,0,0,0,0,0,0,0,0,0,0,0,0,0,0,0,0,0,0,0,0,0,0,0,0,0,0,0,0,0,0,0,0,0,0,0,0,0,0,0,0,0,0,0,0,0,0,0,0,0,0,0,0,0,0,0,0,0,0,0,0,0,0,0,0,0,0,0,0,0,0,0,1,1,0,5,6,194,16,76,7559,3
24,88,50,0,24,72,34,0,24,80,48,0,8,88,28,0,8,80,32,0,8,72,30,1,36,173,158,0,36,165,156,1,96,8,218,0,96,0,216,1,96,41,154,0,96,33,142,1,69,111,206,0,69,103,200,1,64,169,116,0,64,161,100,1,0,123,206,0,0,115,200,1,0,0,0,0,0,0,0,0,0,0,0,0,0,0,0,0,0,0,0,0,0,0,0,0,0,0,0,0,0,0,0,0,0,0,0,0,0,0,0,0,0,0,0,0,0,0,0,0,0,0,0,0,0,0,0,0,0,0,0,0,0,0,0,0,0,0,0,0,0,0,0,0,0,0,0,0,0,0,0,0,0,0,0,0,0,0,0,0,1,1,0,5,6,82,16,76,16775,3
25,86,34,0,25,94,48,0,25,102,50,0,9,86,14,0,9,94,32,0,9,102,12,1,31,97,158,0,31,89,156,1,96,254,152,32,96,6,140,33,80,80,202,0,80,72,198,1,64,138,114,32,64,130,114,1,0,162,116,16,0,154,100,17,0,123,206,0,0,115,200,1,0,0,0,0,0,0,0,0,0,0,0,0,0,0,0,0,0,0,0,0,0,0,0,0,0,0,0,0,0,0,0,0,0,0,0,0,0,0,0,0,0,0,0,0,0,0,0,0,0,0,0,0,0,0,0,0,0,0,0,0,0,0,0,0,0,0,0,0,0,0,0,0,0,0,0,0,0,0,0,0,0,0,0,0,0,0,0,0,1,1,0,5,6,70,16,90,24711,3
25,135,34,0,25,143,48,0,25,151,50,0,9,135,14,0,9,143,32,0,9,151,12,1,19,48,158,0,19,40,156,1,64,80,206,0,64,72,200,1,64,138,100,96,64,130,116,97,0,138,100,96,0,130,116,97,0,162,116,16,0,154,100,17,0,123,206,0,0,115,200,1,0,0,0,0,0,0,0,0,0,0,0,0,0,0,0,0,0,0,0,0,0,0,0,0,0,0,0,0,0,0,0,0,0,0,0,0,0,0,0,0,0,0,0,0,0,0,0,0,0,0,0,0,0,0,0,0,0,0,0,0,0,0,0,0,0,0,0,0,0,0,0,0,0,0,0,0,0,0,0,0,0,0,0,0,0,0,0,0,1,1,0,5,6,185,16,139,24647,3
66,122,34,32,66,114,48,32,66,106,50,32,50,122,30,32,50,114,32,32,50,106,28,33,96,11,154,0,96,3,142,1,80,80,202,0,80,72,198,1,64,138,100,112,64,130,116,113,0,138,114,96,0,130,114,65,0,162,116,16,0,154,100,17,0,123,206,0,0,115,200,1,0,0,0,0,0,0,0,0,0,0,0,0,0,0,0,0,0,0,0,0,0,0,0,0,0,0,0,0,0,0,0,0,0,0,0,0,0,0,0,0,0,0,0,0,0,0,0,0,0,0,0,0,0,0,0,0,0,0,0,0,0,0,0,0,0,0,0,0,0,0,0,0,0,0,0,0,0,0,0,0,0,0,0,0,0,0,0,0,6,1,0,5,6,147,58,110,24784,6
64,114,2,32,64,106,18,33,96,5,154,32,96,13,142,33,64,80,206,0,64,72,200,1,64,138,114,96,64,130,114,65,0,47,92,32,0,55,76,33,0,138,114,32,0,130,114,1,0,49,92,32,0,57,76,33,0,162,116,16,0,154,100,17,0,123,206,0,0,115,200,1,0,0,0,0,0,0,0,0,0,0,0,0,0,0,0,0,0,0,0,0,0,0,0,0,0,0,0,0,0,0,0,0,0,0,0,0,0,0,0,0,0,0,0,0,0,0,0,0,0,0,0,0,0,0,0,0,0,0,0,0,0,0,0,0,0,0,0,0,0,0,0,0,0,0,0,0,0,0,0,0,0,0,0,0,0,0,0,0,6,1,0,5,6,249,64,106,24586,0
50,137,42,0,34,137,42,64,50,129,62,0,50,121,46,0,34,129,60,0,34,121,44,1,96,249,154,32,96,1,142,33,80,80,202,0,80,72,198,1,0,0,142,33,0,162,130,1,0,80,202,0,0,72,198,1,0,162,116,16,0,154,100,17,0,123,206,0,0,115,200,1,0,0,0,0,0,0,0,0,0,0,0,0,0,0,0,0,0,0,0,0,0,0,0,0,0,0,0,0,0,0,0,0,0,0,0,0,0,0,0,0,0,0,0,0,0,0,0,0,0,0,0,0,0,0,0,0,0,0,0,0,0,0,0,0,0,0,0,0,0,0,0,0,0,0,0,0,0,0,0,0,0,0,0,0,0,0,0,0,6,6,0,5,6,249,64,130,24642,7
48,82,50,0,48,66,34,0,48,74,48,0,32,82,28,0,32,74,32,0,32,66,30,1,0,101,162,1,0,67,162,1,0,99,162,1,0,65,162,1,0,0,0,0,0,0,0,0,0,0,0,0,0,0,0,0,0,0,0,0,0,0,0,0,0,0,0,0,0,0,0,0,0,0,0,0,0,0,0,0,0,0,0,0,0,0,0,0,0,0,0,0,0,0,0,0,0,0,0,0,0,0,0,0,0,0,0,0,0,0,0,0,0,0,0,0,0,0,0,0,0,0,0,0,0,0,0,0,0,0,0,0,0,0,0,0,0,0,0,0,0,0,0,0,0,0,0,0,0,0,0,0,0,0,0,0,0,0,0,0,0,1,0,5,6,39,40,70,216,3
68,72,34,0,68,80,48,0,68,88,50,0,52,72,14,0,52,80,32,0,52,88,12,1,0,101,162,1,0,67,162,1,0,99,162,1,0,65,162,1,0,0,0,0,0,0,0,0,0,0,0,0,0,0,0,0,0,0,0,0,0,0,0,0,0,0,0,0,0,0,0,0,0,0,0,0,0,0,0,0,0,0,0,0,0,0,0,0,0,0,0,0,0,0,0,0,0,0,0,0,0,0,0,0,0,0,0,0,0,0,0,0,0,0,0,0,0,0,0,0,0,0,0,0,0,0,0,0,0,0,0,0,0,0,0,0,0,0,0,0,0,0,0,0,0,0,0,0,0,0,0,0,0,0,0,0,0,0,0,0,0,1,0,5,6,65,59,76,9816,7
105,72,34,0,105,80,48,0,105,88,50,0,89,72,14,0,89,80,32,0,89,88,12,1,96,145,154,0,96,137,142,1,0,99,162,1,0,65,162,1,0,0,0,0,0,0,0,0,0,0,0,0,0,0,0,0,0,0,0,0,0,0,0,0,0,0,0,0,0,0,0,0,0,0,0,0,0,0,0,0,0,0,0,0,0,0,0,0,0,0,0,0,0,0,0,0,0,0,0,0,0,0,0,0,0,0,0,0,0,0,0,0,0,0,0,0,0,0,0,0,0,0,0,0,0,0,0,0,0,0,0,0,0,0,0,0,0,0,0,0,0,0,0,0,0,0,0,0,0,0,0,0,0,0,0,0,0,0,0,0,0,1,0,5,6,185,96,76,24408,7
45,72,34,0,45,80,48,0,45,88,50,0,29,72,14,0,29,80,32,0,29,88,12,1,96,125,154,0,96,117,142,1,96,168,152,0,96,160,140,1,0,0,0,0,0,0,0,0,0,0,0,0,0,0,0,0,0,0,0,0,0,0,0,0,0,0,0,0,0,0,0,0,0,0,0,0,0,0,0,0,0,0,0,0,0,0,0,0,0,0,0,0,0,0,0,0,0,0,0,0,0,0,0,0,0,0,0,0,0,0,0,0,0,0,0,0,0,0,0,0,0,0,0,0,0,0,0,0,0,0,0,0,0,0,0,0,0,0,0,0,0,0,0,0,0,0,0,0,0,0,0,0,0,0,0,0,0,0,0,0,1,1,0,5,6,0,36,76,26361,4
59,72,34,0,59,80,48,0,59,88,50,0,43,72,14,0,43,80,32,0,43,88,12,1,96,75,152,0,96,67,140,1,96,118,154,0,96,110,142,1,0,0,0,0,0,0,0,0,0,0,0,0,0,0,0,0,0,0,0,0,0,0,0,0,0,0,0,0,0,0,0,0,0,0,0,0,0,0,0,0,0,0,0,0,0,0,0,0,0,0,0,0,0,0,0,0,0,0,0,0,0,0,0,0,0,0,0,0,0,0,0,0,0,0,0,0,0,0,0,0,0,0,0,0,0,0,0,0,0,0,0,0,0,0,0,0,0,0,0,0,0,0,0,0,0,0,0,0,0,0,0,0,0,0,0,0,0,0,0,0,1,1,0,5,6,82,50,76,35601,9
104,88,50,0,104,72,34,0,104,80,48,0,88,88,28,0,88,80,32,0,88,72,30,1,96,11,152,0,96,3,140,1,96,54,154,0,96,46,142,1,80,139,152,32,80,147,140,33,47,157,204,0,47,149,198,1,0,0,0,0,0,0,0,0,0,0,0,0,0,0,0,0,0,0,0,0,0,0,0,0,0,0,0,0,0,0,0,0,0,0,0,0,0,0,0,0,0,0,0,0,0,0,0,0,0,0,0,0,0,0,0,0,0,0,0,0,0,0,0,0,0,0,0,0,0,0,0,0,0,0,0,0,0,0,0,0,0,0,0,0,0,0,0,0,0,0,0,0,0,0,0,0,0,0,0,0,0,0,0,0,1,1,0,5,6,202,96,76,48081,9
105,72,34,0,105,80,48,0,105,88,50,0,89,72,14,0,89,80,32,0,89,88,12,1,96,18,154,0,96,10,142,1,80,136,152,0,80,128,140,1,44,95,206,0,44,87,200,1,0,100,130,1,0,137,198,1,0,0,0,0,0,0,0,0,0,0,0,0,0,0,0,0,0,0,0,0,0,0,0,0,0,0,0,0,0,0,0,0,0,0,0,0,0,0,0,0,0,0,0,0,0,0,0,0,0,0,0,0,0,0,0,0,0,0,0,0,0,0,0,0,0,0,0,0,0,0,0,0,0,0,0,0,0,0,0,0,0,0,0,0,0,0,0,0,0,0,0,0,0,0,0,0,0,0,0,0,0,0,0,0,1,1,0,5,6,138,96,76,53247,9
36,88,50,0,36,72,34,0,36,80,48,0,20,88,28,0,20,80,32,0,20,72,30,1,80,100,152,32,80,108,140,33,47,36,204,0,47,28,198,1,64,165,206,0,64,157,200,1,0,100,130,1,0,137,198,1,0,0,0,0,0,0,0,0,0,0,0,0,0,0,0,0,0,0,0,0,0,0,0,0,0,0,0,0,0,0,0,0,0,0,0,0,0,0,0,0,0,0,0,0,0,0,0,0,0,0,0,0,0,0,0,0,0,0,0,0,0,0,0,0,0,0,0,0,0,0,0,0,0,0,0,0,0,0,0,0,0,0,0,0,0,0,0,0,0,0,0,0,0,0,0,0,0,0,0,0,0,0,0,0,1,1,0,5,6,3,28,76,60183,3
25,72,34,0,25,80,48,0,25,88,50,0,9,72,14,0,9,80,32,0,9,88,12,1,80,41,152,32,80,49,140,33,80,116,202,0,80,108,198,1,0,147,206,0,0,139,200,1,0,100,130,1,0,137,198,1,0,0,0,0,0,0,0,0,0,0,0,0,0,0,0,0,0,0,0,0,0,0,0,0,0,0,0,0,0,0,0,0,0,0,0,0,0,0,0,0,0,0,0,0,0,0,0,0,0,0,0,0,0,0,0,0,0,0,0,0,0,0,0,0,0,0,0,0,0,0,0,0,0,0,0,0,0,0,0,0,0,0,0,0,0,0,0,0,0,0,0,0,0,0,0,0,0,0,0,0,0,0,0,0,1,1,0,5,6,41,16,76,7319,3
24,88,50,0,24,72,34,0,24,80,48,0,8,88,28,0,8,80,32,0,8,72,30,1,80,14,154,0,80,6,142,1,63,65,204,0,63,57,198,1,0,147,206,0,0,139,200,1,0,100,130,1,0,137,198,1,0,0,0,0,0,0,0,0,0,0,0,0,0,0,0,0,0,0,0,0,0,0,0,0,0,0,0,0,0,0,0,0,0,0,0,0,0,0,0,0,0,0,0,0,0,0,0,0,0,0,0,0,0,0,0,0,0,0,0,0,0,0,0,0,0,0,0,0,0,0,0,0,0,0,0,0,0,0,0,0,0,0,0,0,0,0,0,0,0,0,0,0,0,0,0,0,0,0,0,0,0,0,0,0,1,1,0,5,6,181,16,76,20375,3
25,72,34,0,25,80,48,0,25,88,50,0,9,72,14,0,9,80,32,0,9,88,12,1,71,126,162,0,71,118,160,1,96,136,154,32,96,144,142,33,80,14,202,0,80,6,198,1,0,100,130,1,0,137,198,1,0,0,0,0,0,0,0,0,0,0,0,0,0,0,0,0,0,0,0,0,0,0,0,0,0,0,0,0,0,0,0,0,0,0,0,0,0,0,0,0,0,0,0,0,0,0,0,0,0,0,0,0,0,0,0,0,0,0,0,0,0,0,0,0,0,0,0,0,0,0,0,0,0,0,0,0,0,0,0,0,0,0,0,0,0,0,0,0,0,0,0,0,0,0,0,0,0,0,0,0,0,0,0,0,1,1,0,5,6,65,16,76,33431,3
24,88,50,0,24,72,34,0,24,80,48,0,8,88,28,0,8,80,32,0,8,72,30,1,75,75,162,0,75,67,160,1,96,91,154,0,96,83,142,1,0,0,202,0,0,248,198,1,0,100,130,1,0,137,198,1,0,0,0,0,0,0,0,0,0,0,0,0,0,0,0,0,0,0,0,0,0,0,0,0,0,0,0,0,0,0,0,0,0,0,0,0,0,0,0,0,0,0,0,0,0,0,0,0,0,0,0,0,0,0,0,0,0,0,0,0,0,0,0,0,0,0,0,0,0,0,0,0,0,0,0,0,0,0,0,0,0,0,0,0,0,0,0,0,0,0,0,0,0,0,0,0,0,0,0,0,0,0,0,0,1,1,0,5,6,205,16,76,46487,3
24,88,50,0,24,72,34,0,24,80,48,0,8,88,28,0,8,80,32,0,8,72,30,1,45,25,158,0,45,17,156,1,96,56,152,0,96,48,140,1,0,0,202,0,0,248,198,1,0,100,130,1,0,137,198,1,0,0,0,0,0,0,0,0,0,0,0,0,0,0,0,0,0,0,0,0,0,0,0,0,0,0,0,0,0,0,0,0,0,0,0,0,0,0,0,0,0,0,0,0,0,0,0,0,0,0,0,0,0,0,0,0,0,0,0,0,0,0,0,0,0,0,0,0,0,0,0,0,0,0,0,0,0,0,0,0,0,0,0,0,0,0,0,0,0,0,0,0,0,0,0,0,0,0,0,0,0,0,0,0,1,1,0,5,6,166,16,76,59351,3
25,72,34,0,25,80,48,0,25,88,50,0,9,72,14,0,9,80,32,0,9,88,12,1,95,123,218,32,95,131,216,33,0,138,218,32,0,146,216,33,0,163,218,0,0,155,216,1,0,100,130,1,0,137,198,1,0,0,0,0,0,0,0,0,0,0,0,0,0,0,0,0,0,0,0,0,0,0,0,0,0,0,0,0,0,0,0,0,0,0,0,0,0,0,0,0,0,0,0,0,0,0,0,0,0,0,0,0,0,0,0,0,0,0,0,0,0,0,0,0,0,0,0,0,0,0,0,0,0,0,0,0,0,0,0,0,0,0,0,0,0,0,0,0,0,0,0,0,0,0,0,0,0,0,0,0,0,0,0,0,1,1,0,5,6,50,16,76,6871,3
24,88,50,0,24,72,34,0,24,80,48,0,8,88,28,0,8,80,32,0,8,72,30,1,94,67,218,32,94,75,216,33,0,138,218,32,0,146,216,33,0,163,218,0,0,155,216,1,0,100,130,1,0,137,198,1,0,0,0,0,0,0,0,0,0,0,0,0,0,0,0,0,0,0,0,0,0,0,0,0,0,0,0,0,0,0,0,0,0,0,0,0,0,0,0,0,0,0,0,0,0,0,0,0,0,0,0,0,0,0,0,0,0,0,0,0,0,0,0,0,0,0,0,0,0,0,0,0,0,0,0,0,0,0,0,0,0,0,0,0,0,0,0,0,0,0,0,0,0,0,0,0,0,0,0,0,0,0,0,0,1,1,0,5,6,88,16,76,19543,3
24,88,50,0,24,72,34,0,24,80,48,0,8,88,28,0,8,80,32,0,8,72,30,1,93,30,218,0,93,22,216,1,28,89,158,0,28,81,156,1,96,142,218,0,96,134,216,1,40,120,158,0,40,112,156,1,0,0,0,0,0,0,0,0,0,0,0,0,0,0,0,0,0,0,0,0,0,0,0,0,0,0,0,0,0,0,0,0,0,0,0,0,0,0,0,0,0,0,0,0,0,0,0,0,0,0,0,0,0,0,0,0,0,0,0,0,0,0,0,0,0,0,0,0,0,0,0,0,0,0,0,0,0,0,0,0,0,0,0,0,0,0,0,0,0,0,0,0,0,0,0,0,0,0,0,0,0,0,0,0,1,1,0,5,6,101,16,76,31639,3
24,88,50,0,24,72,34,0,24,80,48,0,8,88,28,0,8,80,32,0,8,72,30,1,96,93,218,0,96,85,216,1,31,23,158,0,31,15,156,1,0,32,158,0,0,24,156,1,0,54,158,0,0,46,156,1,0,0,0,0,0,0,0,0,0,0,0,0,0,0,0,0,0,0,0,0,0,0,0,0,0,0,0,0,0,0,0,0,0,0,0,0,0,0,0,0,0,0,0,0,0,0,0,0,0,0,0,0,0,0,0,0,0,0,0,0,0,0,0,0,0,0,0,0,0,0,0,0,0,0,0,0,0,0,0,0,0,0,0,0,0,0,0,0,0,0,0,0,0,0,0,0,0,0,0,0,0,0,0,0,1,1,0,5,6,216,16,76,44119,3
25,72,34,0,25,80,48,0,25,88,50,0,9,72,14,0,9,80,32,0,9,88,12,1,96,32,218,32,96,40,216,33,0,0,158,0,0,248,156,1,0,32,158,0,0,24,156,1,0,54,158,0,0,46,156,1,0,0,0,0,0,0,0,0,0,0,0,0,0,0,0,0,0,0,0,0,0,0,0,0,0,0,0,0,0,0,0,0,0,0,0,0,0,0,0,0,0,0,0,0,0,0,0,0,0,0,0,0,0,0,0,0,0,0,0,0,0,0,0,0,0,0,0,0,0,0,0,0,0,0,0,0,0,0,0,0,0,0,0,0,0,0,0,0,0,0,0,0,0,0,0,0,0,0,0,0,0,0,0,0,1,1,0,5,6,177,16,76,56983,3
24,88,50,0,24,72,34,0,24,80,48,0,8,88,28,0,8,80,32,0,8,72,30,1,71,143,204,0,71,135,198,1,0,1,218,0,0,249,216,1,0,32,158,0,0,24,156,1,0,54,158,0,0,46,156,1,0,0,0,0,0,0,0,0,0,0,0,0,0,0,0,0,0,0,0,0,0,0,0,0,0,0,0,0,0,0,0,0,0,0,0,0,0,0,0,0,0,0,0,0,0,0,0,0,0,0,0,0,0,0,0,0,0,0,0,0,0,0,0,0,0,0,0,0,0,0,0,0,0,0,0,0,0,0,0,0,0,0,0,0,0,0,0,0,0,0,0,0,0,0,0,0,0,0,0,0,0,0,0,0,1,1,0,5,6,61,16,76,4503,3
24,88,50,0,24,72,34,0,24,80,48,0,8,88,28,0,8,80,32,0,8,72,30,1,80,93,202,0,80,85,198,1,51,157,158,0,51,149,156,1,0,32,158,0,0,24,156,1,0,54,158,0,0,46,156,1,0,0,0,0,0,0,0,0,0,0,0,0,0,0,0,0,0,0,0,0,0,0,0,0,0,0,0,0,0,0,0,0,0,0,0,0,0,0,0,0,0,0,0,0,0,0,0,0,0,0,0,0,0,0,0,0,0,0,0,0,0,0,0,0,0,0,0,0,0,0,0,0,0,0,0,0,0,0,0,0,0,0,0,0,0,0,0,0,0,0,0,0,0,0,0,0,0,0,0,0,0,0,0,0,1,1,0,5,6,22,16,76,17367,3
25,72,34,0,25,80,48,0,25,88,50,0,9,72,14,0,9,80,32,0,9,88,12,1,80,43,202,0,80,35,198,1,78,107,162,0,78,99,160,1,96,83,154,0,96,75,142,1,94,172,196,0,94,164,192,1,0,0,0,0,0,0,0,0,0,0,0,0,0,0,0,0,0,0,0,0,0,0,0,0,0,0,0,0,0,0,0,0,0,0,0,0,0,0,0,0,0,0,0,0,0,0,0,0,0,0,0,0,0,0,0,0,0,0,0,0,0,0,0,0,0,0,0,0,0,0,0,0,0,0,0,0,0,0,0,0,0,0,0,0,0,0,0,0,0,0,0,0,0,0,0,0,0,0,0,0,0,0,0,0,1,1,0,5,6,60,16,76,30039,3
25,72,34,0,25,80,48,0,25,88,50,0,9,72,14,0,9,80,32,0,9,88,12,1,68,59,162,0,68,51,160,1,96,81,152,32,96,89,140,33,96,105,194,32,96,113,190,33,96,164,218,0,96,156,216,1,0,169,218,0,0,161,216,1,0,0,0,0,0,0,0,0,0,0,0,0,0,0,0,0,0,0,0,0,0,0,0,0,0,0,0,0,0,0,0,0,0,0,0,0,0,0,0,0,0,0,0,0,0,0,0,0,0,0,0,0,0,0,0,0,0,0,0,0,0,0,0,0,0,0,0,0,0,0,0,0,0,0,0,0,0,0,0,0,0,0,0,0,0,0,0,0,0,0,0,0,0,0,0,0,1,1,0,5,6,252,16,76,42327,3
25,72,34,0,25,80,48,0,25,88,50,0,9,72,14,0,9,80,32,0,9,88,12,1,39,16,162,0,39,8,160,1,96,34,152,0,96,26,140,1,95,93,194,0,95,85,190,1,96,111,218,32,96,119,216,33,96,137,154,32,96,145,142,33,64,151,204,0,64,143,198,1,0,0,0,0,0,0,0,0,0,0,0,0,0,0,0,0,0,0,0,0,0,0,0,0,0,0,0,0,0,0,0,0,0,0,0,0,0,0,0,0,0,0,0,0,0,0,0,0,0,0,0,0,0,0,0,0,0,0,0,0,0,0,0,0,0,0,0,0,0,0,0,0,0,0,0,0,0,0,0,0,0,0,0,0,0,0,0,0,1,8,0,5,6,215,16,76,53271,3
24,88,50,0,24,72,34,0,24,80,48,0,8,88,28,0,8,80,32,0,8,72,30,1,96,29,194,0,96,21,190,1,96,72,218,32,96,80,216,33,96,116,154,0,96,108,142,1,60,78,206,0,60,70,200,1,0,117,206,0,0,109,200,1,0,125,206,0,0,117,200,1,0,0,0,0,0,0,0,0,0,0,0,0,0,0,0,0,0,0,0,0,0,0,0,0,0,0,0,0,0,0,0,0,0,0,0,0,0,0,0,0,0,0,0,0,0,0,0,0,0,0,0,0,0,0,0,0,0,0,0,0,0,0,0,0,0,0,0,0,0,0,0,0,0,0,0,0,0,0,0,0,0,0,0,0,0,0,0,0,1,1,0,5,6,128,16,76,63063,3
25,72,34,0,25,80,48,0,25,88,50,0,9,72,14,0,9,80,32,0,9,88,12,1,96,38,218,0,96,30,216,1,96,59,152,32,96,67,140,33,71,141,206,0,71,133,200,1,0,142,206,0,0,134,200,1,0,144,204,0,0,136,198,1,0,125,206,0,0,117,200,1,0,0,0,0,0,0,0,0,0,0,0,0,0,0,0,0,0,0,0,0,0,0,0,0,0,0,0,0,0,0,0,0,0,0,0,0,0,0,0,0,0,0,0,0,0,0,0,0,0,0,0,0,0,0,0,0,0,0,0,0,0,0,0,0,0,0,0,0,0,0,0,0,0,0,0,0,0,0,0,0,0,0,0,0,0,0,0,0,1,1,0,5,6,116,16,76,9047,3
25,72,34,0,25,80,48,0,25,88,50,0,9,72,14,0,9,80,32,0,9,88,12,1,43,161,158,0,43,153,156,1,96,247,218,32,96,255,216,33,96,31,152,0,96,23,140,1,75,105,206,0,75,97,200,1,64,163,116,16,64,155,100,17,0,125,206,0,0,117,200,1,0,0,0,0,0,0,0,0,0,0,0,0,0,0,0,0,0,0,0,0,0,0,0,0,0,0,0,0,0,0,0,0,0,0,0,0,0,0,0,0,0,0,0,0,0,0,0,0,0,0,0,0,0,0,0,0,0,0,0,0,0,0,0,0,0,0,0,0,0,0,0,0,0,0,0,0,0,0,0,0,0,0,0,0,0,0,0,0,1,1,0,5,6,4,16,76,18263,3
25,90,34,0,25,98,48,0,25,106,50,0,9,90,14,0,9,98,32,0,9,106,12,1,31,92,158,0,31,84,156,1,96,1,154,32,96,9,142,33,80,80,202,0,80,72,198,1,64,138,114,32,64,130,114,1,0,162,116,16,0,154,100,17,0,125,206,0,0,117,200,1,0,0,0,0,0,0,0,0,0,0,0,0,0,0,0,0,0,0,0,0,0,0,0,0,0,0,0,0,0,0,0,0,0,0,0,0,0,0,0,0,0,0,0,0,0,0,0,0,0,0,0,0,0,0,0,0,0,0,0,0,0,0,0,0,0,0,0,0,0,0,0,0,0,0,0,0,0,0,0,0,0,0,0,0,0,0,0,0,1,1,0,5,6,146,16,94,24791,3
24,155,50,0,24,139,34,0,24,147,48,0,8,155,28,0,8,147,32,0,8,139,30,1,27,43,158,0,27,35,156,1,64,80,206,0,64,72,200,1,64,138,100,96,64,130,116,97,0,138,100,96,0,130,116,97,0,162,116,16,0,154,100,17,0,125,206,0,0,117,200,1,0,0,0,0,0,0,0,0,0,0,0,0,0,0,0,0,0,0,0,0,0,0,0,0,0,0,0,0,0,0,0,0,0,0,0,0,0,0,0,0,0,0,0,0,0,0,0,0,0,0,0,0,0,0,0,0,0,0,0,0,0,0,0,0,0,0,0,0,0,0,0,0,0,0,0,0,0,0,0,0,0,0,0,0,0,0,0,0,1,1,0,5,6,5,16,143,24727,3
50,148,66,0,50,156,82,1,44,137,130,1,96,5,152,0,96,253,140,1,80,80,202,0,80,72,198,1,64,138,100,96,64,130,116,97,0,130,114,65,0,80,206,0,0,72,200,1,0,138,114,32,0,130,114,1,0,162,116,16,0,154,100,17,0,125,206,0,0,117,200,1,0,0,0,0,0,0,0,0,0,0,0,0,0,0,0,0,0,0,0,0,0,0,0,0,0,0,0,0,0,0,0,0,0,0,0,0,0,0,0,0,0,0,0,0,0,0,0,0,0,0,0,0,0,0,0,0,0,0,0,0,0,0,0,0,0,0,0,0,0,0,0,0,0,0,0,0,0,0,0,0,0,0,0,0,0,0,0,0,6,1,0,5,6,33,50,148,24669,0
72,142,42,0,56,142,42,64,72,134,62,0,72,126,46,0,56,134,60,0,56,126,44,1,47,122,130,1,47,145,130,1,60,115,130,1,96,1,154,32,96,9,142,33,60,152,130,1,64,80,206,0,64,72,200,1,0,162,116,16,0,154,100,17,0,125,206,0,0,117,200,1,0,0,0,0,0,0,0,0,0,0,0,0,0,0,0,0,0,0,0,0,0,0,0,0,0,0,0,0,0,0,0,0,0,0,0,0,0,0,0,0,0,0,0,0,0,0,0,0,0,0,0,0,0,0,0,0,0,0,0,0,0,0,0,0,0,0,0,0,0,0,0,0,0,0,0,0,0,0,0,0,0,0,0,0,0,0,0,0,6,6,0,5,6,161,64,130,24612,6
